Started server on 0.0.0.0 and 6010
[
  '\x02D1UXP-300^AP807129^B1562                   202602180    14585-ODETF1A0012000990026300077202312087800293003330001640259000280071300026000030007000544101841*0000*0000*0000*0000\x03'
]
Accession number not found
[
  '\x02D200010206090A070B2A53583C23120B0B0D111925384F5C63645E4F4639271E190F0905040302020101010101010101010101000000010102020304071021354B5B645A493B3128201B15100D0A0907050504040303020202020101010101000000000000\x03'
]
Accession number not found
[
  '\x02D3000A283C505A505A5A3C283C46504632324650465A644646505A6464646464646464646464646464060E113104310118               0099370002564000027700070960                                                                                     \x03'
]
Accession number not found
[
  '\x02D1UXP-300^AP807129^B1562                   2026021805191-SITHEMBENF00000000051004280012600375008760029400336003310039900033005680002000002000290051300156000930009100166000300\x03'
]
Accession number not found
[
  '\x02D200000206070501052253645B3E1D0C0A0C0C0C0F141C283135363534322A201B17110C060302020202010000000100000000000000020202020204060D1827394B5D6460503E2C201814110D0A0705040303030303020202020201010101010100000000\x03'
]
Accession number not found
[
  '\x02D300020E2D4F636456432F2016100D0B0A0807060605050405060504050608090A0B10181D222B373F060F123104310119               0051150002035000016800029120                                                                                     \x03'
]
Accession number not found
[
  '\x02D1UXP-300^AP807129^B1562                   202602180     14601-RITA1A0013001721039100113003240082900289003490002540175200720075300030000120013000440001450*0000*0000*0000*0000\x03'
]
Accession number not found
[
  '\x02D20001050C0E0C080810213033302A2625252425282D3543505A626461564A3C30261D160F0B07050404040302020202020101000000000101010202050D1C365464634F38261C1715110E0B07060403030303020202020101010101010000000000000000\x03\x02D300000B1A252F354459645F544A3F3535352A202025252535352A2A2F2F3A64646464646464646464060E113104310115               0172380003010000123800129900                                                                                     \x03'
]
Accession number not found
[
  '\x02D1UXP-300^AP807129^B1562                   202602180     5192-DENIA00000000060004000012500359008980031300348003340035300044006030002100003000360040200119001000009600187000320\x03'
]
Accession number not found
[
  '\x02D2000104090A0701042157645031180F0F111012171C2630373A3A36332E29231D130B090805030201010101010000000000000000000102020101010102061025415D64594531231B16120F0B080503030202020202020202020101010101010000000000\x03\x02D30001071A3D5C645C4B3B2D2017110D0B080606060403030203030302020202020203030304060809060E11310631011D               0060300002118000026400036480                                                                                     \x03'
]
Accession number not found
[
  '\x02D1UXP-300^AP807129^B1562                   202602180    5193-SERGIO00000000134004940015100430008700030600351003120017420050007760002300007001040041800125001020009000156000280\x03'
]
Accession number not found
[
  '\x02D2000002040504010824474A3116090A0F12131417212E42555C6064645C50443D3226211C130C0A070604020202020101010100000001020101010102040A18325064624F3A2A1F1815110D09060504030303030202030202020101010101000000000000\x03'
]
Accession number not found
[
  '\x02D300010A274D6364564333281E160F0A0907050404030201010202010103020102030405080B10171D060D12310531011D               0134340002332000067000104320                                                                                     \x03'
]
Accession number not found
[
  '\x02D1UXP-300^AP807129^B1562                   202602180     5195-PAIUA00000000048005140014900439008540029000339002120039000070005400001900003000260044200136001250009700229000210\x03'
]
Accession number not found
[
  '\x02D20000020405040105275A644A280F0C10111212161E242C36362F2924201A15110C0805030202020100000000000000010000000000010201010102030813264058645F4E3C2E221A140F0B08060504030303030202030202020201010101000000000000\x03\x02D300020B26465B6458433830261C1A18110C0A09060505050403030506060607090C0F151F2C3B4E62060E123105310119               0048500001872000033600026420                                                                                     \x03'
]
Accession number not found
[
  '\x02D1UXP-300^AP807129^B1562                   202602180      5192-AMIA1A000000091003600011200323008970031100347002914022500068007070002000006000650045500137001230010600262000314\x03'
]
Accession number not found
[
  '\x02D2000104080A0904051E434F442917161A1A18171B27394D5E64645F534B3D2E262118120C060504020101000001010101010100000002030202020102050B19314E6164574633261E1914100C080605040303030202020202010101010101010000000000\x03\x02D30002071633546460574C3E31251C19140C090907060706050405040304030404040406090D11181E060E12310831011D               0090580002048000061900063910                                                                                     \x03'
]
Accession number not found
[
  '\x02D1UXP-300^AP807129^B1562                   202602180    5196-SHEILA00000000060005150012900389007552025020332004191039200027005810002400002000340041800147001070009000156000381\x03'
]
Accession number not found
[
  '\x02D200000204050401052558645032170D0D0E11161B22282C2F312F2B28231D17130E08070503020101010101000101010100000000000102020102060E1F3B57645D4D392A1F17110C09070504030303020202020201010101000000000000000000000000\x03\x02D300020E2B4C60645D4D3C2D2219120C0807060605050404030405070A0C0F16202C3A4F6464646464060E103106310116               0059960002352000016200034820                                                                                     \x03'
]
Accession number not found
[
  '\x02D1UXP-300^AP807129^B1562                   202602180   14602-VALTER00000000055004830013400412008530027700325002360042200126004520002300007000250045100138001140010400252000250\x03'
]
Accession number not found
[
  '\x02D20000020505040105255A644A29120D10121313110B090B10151D22242625231F1A130F0D0A06040201010101000101000000000000020201010102040913274158645E4E3B2D221A15100C08060403030303030303020202010101010101000000000000\x03\x02D300010617324B5E645744372C211914100F0C09060504050505050605040405080B0F17212D3E5058060E15310531011B               0055120002321000069300024980                                                                                     \x03'
]
Accession number not found
[
  '\x02D1UXP-300^AP807129^B1562                   202602180 14603-VIRGILIO1A0013000400030300070202302075920231203042003740453001520039520018000060001600491001751*0000*0000*0000*0000\x03'
]
Accession number not found
[
  '\x02D20002091517100401092A55645C47332621201E1B1A19191A1D1E1F232726211D1B17140F0B0905040403020101010100000000000001010203060C192C475C645F4E3B2C211A15100C090705040303020202010101010101000000000000000000000000\x03'
]
Accession number not found
[
  '\x02D3000318354A58645B4C443829232326232020262926292F3B474A64646464646464646464646464640710163104310111               0040250001812000060800016050                                                                                     \x03'
]
Accession number not found
[
  '\x02D1UXP-300^AP807129^B1562                   202602180   14604-JUDITE110012000384044300102003420077220230202982011140333401404052740013400054002040456001691*0000*0000*0000*0000\x03'
]
Accession number not found
[
  '\x02D2010D3D6464644B2F3555645E3E1C1113191F22201C1A1C2127353F4242413F382C2319130E0A06030201010000000001000000000002030404060810203B556460513D2F251C15100D0A0706050404030303020202010101010100000000000000000000\x03\x02D300030D233C56645D585C55483F393A362F3133383D4040444B525960636364646464646464646464070E153104310111               0038410001265000053200020440                                                                                     \x03\x02D1UXP-300^AP807129^B1562                   202602180  14605-JOAQUIM00000000030003060007720255208330025220302205791045900187003542001400006000100050900173101040009400182000541\x03\x02D200010408090702041B4A645D3D271E1C1C1A140F0F0E0F1215191B1B1C1D1C16110F0C0905030302010101020100010101010000010406040404060A13263E57646152403329221C15110C08060504040303030202010101010101010000000000000000\x03\x02D300020B26495F645B4A392A1F17110D0B090806050505050404050506080808080B0E1113171D242C060E163105310119               0029750001377000056100010370                                                                                     \x03\x02D1UXP-300^AP807129^B1562                   202602180      14606-ANA1A000000120004320012200350008100028200349002824014420059007970001700007000960040700129001510011300339000324\x03\x02D20002081216140F0D112027251C131111110F0D0D101725354655616461594F44372A1E160E08070503020201010101010101000000020303020202040A1A3554645F4832241C17130E0A0605040303030202020202010101010100000000000000000000\x03\x02D300020E2A4A5D646156504B3C2F2A221D1914111312100F0D0A080808090A0B0A0D1319273D526464070E13310631011B               0119980001728000070800095620                                                                                     \x03'
]
Accession number not found
[
  '\x02D1UXP-300^AP807129^B1562                   202602180    14607-NEIMA1A0013000620043400110003350077220253203280016940191200900071900012000060004400482001731*0000*0000*0000*0000\x03'
]
Accession number not found
[
  '\x02D20001050C0E0B05041534453F28150E0E11121312110D0E172635495D6364625D4F41352B24160E0A0705040301010100000100000002030303050A13243D526264584434271E16120D0A0806050403030302020202010101010100000000000000000000\x03\x02D300020C213D545E63645953524945402E22201C1B1E1C16181D212835465E64646464646464646464070E163104310116               0062320001184000055800044900                                                                                     \x03\x02D1UXP-300^AP807129^B1562                   202602180 14609-CAROLINA00000000039004090011200346008460027400324003940048900122003892001900005000150042000132001050009400173000371\x03\x02D200000204060401041F556453331B0E0D0F1314110F0F12161C1F2121201E18110C070605030201020000000000000000000000000002020201010203071226425964584633261D17120E0A07050303020202020202020101010101010000000000000000\x03\x02D300010921425B64615342362618130F0A080605050403020202020201010203040406090C111A252E060F15310631011C               0039280001907000047600015450                                                                                     \x03\x02D1UXP-300^AP807129^B1562                   202602180    14611-ARTUR1A000000142003290009100278008450027700327001244013920029008321002000004001180046800152001440010400276000134\x03\x02D2000103070908050611232721150D0C0B0B0A08090D131D2E404D5C64635E5A5445372C2217110B0704030202010101010101000000010202020203060D1D334C5D645B4C3B2E221A130F0C09070504030202020202010101010101010100000000000000\x03\x02D300020F2F5564625E56422E25211C1818151213100B08090908080A0C0E0F10161E2B3D4A52646464060F133104310119               0142480001974000041200118620                                                                                     \x03'
]
Accession number not found
[
  '\x02D1UXP-300^AP807129^B1562                   202602180    5207-EUNICE00000000066004140011400371008960027500307204431031000092005980002000006000400044200128000892008420109200371\x03'
]
Accession number not found
[
  '\x02D2000104080A0702041E51645C3F22101015171615181F29343E43474744403B31241915120D0805030302010101000000000000000002020101010102040A152A425B645E4E3B2B2119140F0C090604030202020202020202020101010101010000000000\x03'
]
Accession number not found
[
  '\x02D300020C294F6464543C2A1E140D0A0604040302020202020202010101010101010202030506070B10060E14310531011D               0065820002046000060700039290                                                                                     \x03'
]
Accession number not found
[
  '\x02D1UXP-300^AP807129^B1562                   202602180    5208-DENCIA00000000062003310008100258207792024520314003600023700063007000001500004000430051400179100712006920058200250\x03'
]
Accession number not found
[
  '\x02D2000001030404010A2A54583D22161412100F101927384E595D64645543362E251C130E09050403030201010101000001010000000001020204080F182430425964604D38281D16130F0C0906040302020202020101010101010000000000000000000000\x03\x02D300041B48645B432D1C110C0805040303030302030303040506080C1015191E22282D333D4243474A060D123104310113               0061720001469000039100043120                                                                                     \x03'
]
Accession number not found
[
  '\x02D1UXP-300^AP807129^B1562                   202602180    5202-DENISE1A0013000440042900085003090072020198202752018540504001290036720022000060001600414001470*0000*0000*0000*0000\x03'
]
Accession number not found
[
  '\x02D200010711120C020626566457361D1412110F0E0E0C0A0C101518171715141515120D0C0B080504040302020101010000000000000002030303050A182F4E636455422D2118120D0906040303030302020202010101010000000000000000000000000000\x03\x02D30001071428445C64625E584A42423B30251E1F221E1A17181C242C33415464646464646464646464060E153104310116               0043580002218000056800015720                                                                                     \x03'
]
Accession number not found
[
  '\x02D1UXP-300^AP807129^B1562                   202602180    5206-CARLOS00000000035004680011700412008800025020284202450041400039005470001400001000200047600142000990008920143000220\x03'
]
Accession number not found
[
  '\x02D200010205060501041E5864492F1A1111141B20282C2D2C2A27252118130E0D0B07040201010101010000000000010000000000000001010101010203060F213A5564635848382A2119140F0C080605040404030303030202020201010101010100000000\x03'
]
Accession number not found
[
  '\x02D300020B264B61645A4631221B140E0A070604030303020202020202020304060606080C0E151F2830060E10310431011B               0034900001449000013700019040                                                                                     \x03'
]
Accession number not found
[
  '\x02D1UXP-300^AP807129^B1562                   202602180   5213-LIONETE00000000043003380010100308009110029900328003020043800036005260001900002000220043200125000980008920153000270\x03'
]
Accession number not found
[
  '\x02D20000010404030106285A644B27100A0A0A0B0F12181D2227292824221E17120E0A09080603020101000000000000000000000000000202010101010203060F213D58645E4E38271D1815110E0A0705030202020202020202010101010101010000000000\x03\x02D3000314365664625442332418110E0C0A090704030303030202020202020202020203030406070A0D060E11310531011D               0042560001883000015500022180                                                                                     \x03'
]
Accession number not found
[
  '\x02D1UXP-300^AP807129^B1562                   202602180    14649-PAULA17000000020203180007920268008430024820295202094015140215406340000340004400130049500158001250010000258000214\x03'
]
Accession number not found
[
  '\x02D20107214A54370F0815343C3832333A3A2F211A1A202C414F57636456473C2F271A0B0807050402020101020202010000000000000002040303040509101E33495C645F514130241B15100C0A070504030302020202010101010101000000000000000000\x03\x02D300030F3055645E4B382D261D17161513110F0F0D0C0B0A0C0E0D0C0D0E0F14191F23262E3E4E5B64070C133105310117               0020170000302000043000012850                                                                                     \x03'
]
Accession number not found
[
  '\x02D1UXP-300^AP807129^B1562                   202602180 14650-JEREMIAS00000000060002840008800277009750031000318006451028400048006680001700003000400057110169100900008320105200541\x03'
]
Accession number not found
[
  '\x02D20001050A0D0B0507234E645B371B12111213121012151C2B384A5C615E554E413930251A100C0704020101010101010101000000010304020202030305091223394E5E645E52413427201A1714100E0C0907050404030302020202020101010101010101\x03'
]
Accession number not found
[
  '\x02D300020D2A4E6464533C2B1D140E090604040302020201010101010101020101010102030303040505060F13310531011D               0060230001704000028800040310                                                                                     \x03'
]
Accession number not found
[
  '\x02D1UXP-300^AP807129^B1562                   202602180 14651-FERNANDO1A000000077004070009900330008110024320300201944004820081008711000400006000670048300171101911011700394000234\x03'
]
Accession number not found
[
  '\x02D20001060E100D07070A0D0C0A0A0A0B0E0F0E0F1622303D4F5F64635B4A3B2F21160E0907040201010101010101010100010000000002030302020307122A496364523A2A211D1A16130E0A08060504030302020202020101010101000000000000000000\x03'
]
Accession number not found
[
  '\x02D301061427394D5B6061646053483E302825201D1B1613110E0B0F141616191E202835445E64646464060B123106310118               0077100000370000062400067160                                                                                     \x03'
]
Accession number not found
[
  '\x02D1UXP-300^AP807129^B1562                   202602180     14653-ILDA00000000028203690011400352009540030900324002140050100049004500001400001000130046500131001120010000225000210\x03'
]
Accession number not found
[
  '\x02D20000010404030106295B644A29160A090A0B09080C161D20222525221B130F0B0705030201010100000100010001000100000000000202020101010103060C182C4359645E4F3C2C211B16110E0B09060403030202020202020201010101010101010100\x03\x02D30001061B3D5A645F564433281D17130F0C0A080606060504030303020202030303030406070A0F11060F13310631011C               0027630001403000013700012230                                                                                     \x03'
]
Accession number not found
[
  '\x02D1UXP-300^AP807129^B1562                   202602180  14654-ZUBAIDA00000000074003550009300298008390026200312003040027600091006330002000007000470046300146001020009100166000280\x03'
]
Accession number not found
[
  '\x02D20000010405040104235A644523100F1416151412131925354653565551443A2E2117120A0705030201000000010101010000000000020302020203070E1B31495E64594936261D17130F0B07060403030302020202020101010101010000000000000000\x03'
]
Accession number not found
[
  '\x02D300020F2E4F60645B4836281C15100D0A0907060504040403030405060606080A0F161C2129313B43060E143105310119               0074340002042000067300047190                                                                                     \x03'
]
Accession number not found
[
  '\x02D1UXP-300^AP807129^B1562                   202602180    5224-LINA.A000000000000000100000000000*0000*0000*000000000*0000*0000*0000*0000*0000*0000*0000*0000*0000*0000*0000*0000\x03'
]
Accession number not found
[
  '\x02D200000000000102020201010101010101000000000001010000010000000000000100000101000000000101010000010000000000000000000000000000000000000100010000000000000000000000000000000000000000000000000000000000000000\x03\x02D300020202020000000000000000020000000000020000000000000000000000000000000000000002040404310431011D               0000250*000000*000000*000000                                                                                     \x03'
]
Accession number not found
[
  '\x02D1UXP-300^AP807129^B1562                   202602180 14655-CLAUDINA00000000063003590009300323009000025920288203720030800101005910001900006000380050100147001160009800213000361\x03'
]
Accession number not found
[
  '\x02D200000103040301041F5564553A20191B1C1B191C242E3A44494E4F4B4135281D160E0A08030101010101010000000000000000000103030302020203070F1D31495C645F4F3E2D221C17120E0A0806040303030202020202020101010101010000000000\x03\x02D300020C2543596461513D2E272018120D090606060505040304030303030304060607090B0E13191C060E13310631011C               0062970001940000063600037210                                                                                     \x03'
]
Accession number not found
[
  '\x02D1UXP-300^AP807129^B1562                   202602180 14656-GRIGORIO1A000000039003810012100345009060031800351001974020000107006930000800004000270046100138001680012400410000244\x03'
]
Accession number not found
[
  '\x02D200020916191004031538443C2A1B1A1F1F1912100E0D111C2A394F6264625F55473A2B20150F0D090602010201010001010100000002030302020102040B172B445C645D4A35271F1915110E0A0705040303020202020202020101010101010100000000\x03'
]
Accession number not found
[
  '\x02D3000107152F5164615A58585040332A27241E1B180F0C10110C08080807060507090B101419212E39070E15310831011D               0039000000780000041700027030                                                                                     \x03'
]
Accession number not found
[
  '\x02D1UXP-300^AP807129^B1562                   202602180   14658-DERCIA1600000004400295000772025820875002610029820254004100*0000*000000180*0000*0000045700152001280010800295000280\x03'
]
Accession number not found
[
  '\x02D2000107101410080A284E6460462E2824201B17172034454F545452493D322A1E150D0706050202020201010000000101010100000003040302020204081228455C645745352A231D16110D0A070605040403030302020202010101010100000000000000\x03\x02D300010D2E5464645945362D27241E1613110E0C0C0B0807090B09070606080908090A0D12171B2430061212310631011D               00435400018040*000000*000000                                                                                     \x03'
]
Accession number not found
[
  '\x02D1UXP-300^AP807129^B1562                   202602180     14659-EDNA00000000052002810008200270009610029200304203630039900120004810002100006000250052300150000960008920137000320\x03'
]
Accession number not found
[
  '\x02D20001030607050105245B6444281711110F0F100E0B0A0A0E131B1F2628272827221C17120D090705040302010101010000000000010304020201010204091222384F5E645F5141342A221914100C09070504040302020202010201010101010101000100\x03\x02D300010B254961645B4835281B110E0A0706050302020203030201010101010202020203040406080A060E16310731011C               0051810002075000062400024820                                                                                     \x03'
]
Accession number not found
[
  '\x02D1UXP-300^AP807129^B1562                   20260218014660-ALBERTINA00000000077003470008800285008210025420309203630024800069006830001900005000530045400150001010009100165000330\x03'
]
Accession number not found
[
  '\x02D20000020507050106254F5B50341F1514181B1913101217202F3F4E5D636364605547372C21150E0C0904020202010100000100000002030202020307112137506364543D2B1F1915110E0A08050403030202020202010101010101000000000000000000\x03\x02D300020C26496264544131261E150F0C08070605050504030303030404040506080C131B222833414D060F143105310119               0076610001910000053100052200                                                                                     \x03'
]
Accession number not found
[
  '\x02D1UXP-300^AP807129^B1562                   202602180 14661-ADELAIDE1A0011000660030000078202810093700260002782001540358001450049700024000100003200509001510*0000*0000*0000*0000\x03'
]
Accession number not found
[
  '\x02D20001060E14161315325F64462C211F2221201B18181B232F38393A3A362C1F15130F0906050404030202020202020202020200000000010101010203050B162942596464594B3B2C221B15120F0C09070504030202020202020202010101010100000000\x03\x02D3000E325664645D4F4747402B1D1D24241D151515151515151D2B2B32322B2B39475D646464646464060E143104310117               0066190002363000095700032990                                                                                     \x03'
]
Accession number not found
[
  '\x02D1UXP-300^AP807129^B1562                   20260218014662-ANASTANCI1A000000034004140010300354008550024920291201454056210113003252001900004000110043200136001380010500282000154\x03'
]
Accession number not found
[
  '\x02D2000412283024110E2553645B4023110E1010100E0D0E1216191A1A191614120B070605030101000101010001000000000000000000010202010102030712264259645B4A382A2019130F0B08060403030303030202020102010101010100000000000000\x03\x02D3000208183656645F4E40372F261D1718160F0B0A09080705040506050607080A0B13202A35425964070F153106310119               0033890001911000038400010940                                                                                     \x03'
]
Accession number not found
[
  '\x02D1UXP-300^AP807129^B1562                   202602180  14663--SAMUEL11000000052404310010100350008120023420289201094030640066406284001640003400334039400136001320010900299000124\x03'
]
Accession number not found
[
  '\x02D20108245364573C36435E61482F1C16161312111218273A506064636056412F21170E08060403020202020000000100000001000000010101010203050C1C3552645F4A33221A15120F0C0806040303030202020202020101010101000000000000000000\x03\x02D300020D28495E645D4E3F332C221B1815110F100F0B0C11110D0D0F1114151A283946546464646464070E133104310119               0052480001591000034300033140                                                                                     \x03'
]
Accession number not found
[
  '\x02D1UXP-300^AP807129^B1562                   202602180  14680-NICOLAS1A000000080003130007720264008430024620292205704046600167003672003700013000300051200165101180010000226000574\x03'
]
Accession number not found
[
  '\x02D20001050B0C080102124064624325171416181815100D0D0E1214181C1E1E1E1C1A16100C0A0605050301010101010000000000000105060503040509111E344D606457453428201A16120D0A070504040303020202020101010101000000000000000000\x03'
]
Accession number not found
[
  '\x02D300020B203E58645F53483C2E221A140F0B0909070605040304050505050708090B0E1216191B2026060F17310631011A               0079940003728000133600029300                                                                                     \x03'
]
Accession number not found
[
  '\x02D1UXP-300^AP807129^B1562                   202602180    14666-TANIA11000000052403000007220246208200024020293201244024740059406944001340003400364047200156001360009800256000124\x03'
]
Accession number not found
[
  '\x02D201061B3D48351C192A4A513F2B1C151515151619212F3D516264625C524834241B150D0908040201010101010101010101010000000203020203050A14253D556364554433251B16110D0A07060403020202020202010101010101000000000000000000\x03'
]
Accession number not found
[
  '\x02D300010B244964614F443C2D2220201B181211100C0D12120E0D0F111212161E273140506064646464070E123105310114               0052410001284000030700036500                                                                                     \x03'
]
Accession number not found
[
  '\x02D1UXP-300^AP807129^B1562                   202602180    14667-ZELIA00000000152104510010400366008120023120284203120010720036008571001600005001310066410227100940008520127200270\x03'
]
Accession number not found
[
  '\x02D20000010203030201040A0F0F0E0D0F0F0D0B0B0E14203245545F6462574B3F362A1C140F0A0604030201010101010101010100000002020304081020364F5F6162645E554838281F1915120E0C0907060504030302020202010101010101010101000000\x03'
]
Accession number not found
[
  '\x02D300020C2A51645F4F40322418100B09070706070605050607090B10161C232D3846556464646464640711143104310114               0152060001626000054700130330                                                                                     \x03'
]
Accession number not found
[
  '\x02D1UXP-300^AP807129^B1562                   202602180   14668-ANGILA00000000086003870009600337008710024820285201770010720075008181000900006000710043800134001310010100242000180\x03'
]
Accession number not found
[
  '\x02D200000103040301020D2022180E0D0F0F0F0D0A090B121C2C4454606462594B4137291D140D0905030202010101010100000100000001020101010203070F1E37516462533E2D211A15110D0A070503030302020202020201010101010101000000000000\x03'
]
Accession number not found
[
  '\x02D300010920425C64645F4E3A2D241C19160F0C0B0907070705050707060405080A0E12161D2C3A434E060D143105310118               0086370000920000064500070720                                                                                     \x03'
]
Accession number not found
[
  '\x02D1UXP-300^AP807129^B1562                   202602180  14669-DELFINA1A000000115003500008700301008600024920289201844011220084008041001300010000920042600130001220010200246000194\x03'
]
Accession number not found
[
  '\x02D2000104080A0804040F20241C15121313110F0D0C0D121F3443536064625E584F402D221B110D0A0502020202010101010101000000010202010202030711233D57645D4C38291E18130F0B07050403030202020202020201010101010000000000000000\x03\x02D300010A214159636458483B2E221C16110D0B0A090808070504030404050506080D111519202E3B40060D14310631011B               0114540001288000096600092000                                                                                     \x03'
]
Accession number not found
[
  '\x02D1UXP-300^AP807129^B1562                   202602180     14670-EMIA15001300096003600008200294008170022820279202684*0000*0000*0000*0000*0000*00000650102281*0000*0000*0000*0000\x03'
]
Accession number not found
[
  '\x02D20000010203030202050B0D0C0C0F10100E0D0D101C2D40525A5E646356463A2E231A130C0906050302010101010101010101000001040707080B121E2B3944505A64645B4A38282019140F0D0A0705040303030202020201010101010100000000000000\x03\x02D30001071C3B5260645A4739312D29221C181819171617191A1C20272E313A4A5C64646464646464640606063104310114               0096390*000000*000000*000000                                                                                     \x03'
]
Accession number not found
[
  '\x02D1UXP-300^AP807129^B1562                   202602180   14671-SHELTE00000000049004340011400381008780026300299202820028700080006330001400004000310044700138001350011200318000320\x03'
]
Accession number not found
[
  '\x02D20001050B0D0903051F4E645933170E1115151110121B2937434C505250484235231A16110A0504040301000001010100000000000002030202020203060E1E364F6364584432251C16120F0B080604040303030202020202020101010101010100000000\x03\x02D3000105133052645E504A45382C241D1815110E0B0908060607060605050506080B0E1116191E262F060E14310531011C               0049340001406000039200031360                                                                                     \x03'
]
Accession number not found
[
  '\x02D1UXP-300^AP807129^B1562                   202602180    14672-BEZEL00000000119004950015400442008930031100348003600022400060007160002700007000850041600124001170010600265000381\x03'
]
Accession number not found
[
  '\x02D200000306070501041E49513B22120A0A0E0F0F0F10131E2E3F4E5B626460514333281E160E0A0503030201010100000000000000000203020101010203081227435C645A4734251C16130F0B080604030303030302020202020202010101010000000000\x03\x02D3000105142E485B6458493D2E251E16120F0B0707070605040403030303020203040505070A0D1014060E14310631011D               0118660002666000071400084860                                                                                     \x03'
]
Accession number not found
[
  '\x02D1UXP-300^AP807129^B1562                   20260218014673-ALEAXADRE17000000038004190011200324007732026700346003580022540257405180000940010400190045300164100960008920154000320\x03'
]
Accession number not found
[
  '\x02D20001040A0C090305205164583B2F313740403A38332F37444D575A54473F3A32281C15100B090705040404010101020200010000000202020203060E1E39546462533C2A1F1A15110D0A0806040303030302020201010101010000000000000000000000\x03\x02D300020D294C61645844302219120E0B080606070705040406070807080A0D13181F2D3D495D646464060D153104310117               0038440000855000097700020120                                                                                     \x03'
]
Accession number not found
[
  '\x02D1UXP-300^AP807129^B1562                   202602180    0370-.ALINA1A000000065004010010000342008530024920292203644054200140003182003500009000210046700142001090009800221000364\x03'
]
Accession number not found
[
  '\x02D20001070F120C0209345E644F2F160D0D0E0F1011101113181A1A1A1815100D0A080503020201010100000000000000000000000000020303020203050B162A42576461523F2E201A15100C08060504030302020202020202010101010100000000000000\x03\x02D300010B284F64605343352B211814100D0C0B0A080607070504050504050708090B0E14191D26333D060E15310631011A               0065210003523000091000020880                                                                                     \x03'
]
Accession number not found
[
  '\x02D1UXP-300^AP807129^B1562                   202602180    0371-HELENA00000000030004930010800392007952021920276202860037500145004800001100004000150043600147001040009700208000280\x03'
]
Accession number not found
[
  '\x02D20001030709060203174664624728140E10181A1715130E0C0C101821252B3336332D2B251A140E090707060302010001010000000001020202020409152B445B645E4F3C2B2117110D090705050403030303030202020101010101000000000000000000\x03'
]
Accession number not found
[
  '\x02D300020A1F3E59645C4B3C2E221713110C090A0A0A0705050606060808070A10161E29354762646464060F183104310118               0030020001125000043500014420                                                                                     \x03'
]
Accession number not found
[
  '\x02D1UXP-300^AP807129^B1562                   202602180  0372-MARIBELA00000000043004850010700353007282022120303203380055310057003902002400002000170037000129001020009100167000310\x03'
]
Accession number not found
[
  '\x02D200000103040300072C5D6448240C06070706060606080D1115171A1A1815110E0D0A060402020201000000000000000000000000000102020202050D22415E64543C281D16110C0805040303030202020202010101010000000000000000000000000000\x03'
]
Accession number not found
[
  '\x02D300010B294E61645A4939291D16100C0A08060606060606050406070A0E1218212F3F596464646464060E143104310117               0042530002378000024500016300                                                                                     \x03'
]
Accession number not found
[
  '\x02D1UXP-300^AP807129^B1562                   202602180   0374-ALFREDO00000000041005170010500386007472020320272201580044600076004780001800003000200040700149001530010300287000162\x03'
]
Accession number not found
[
  '\x02D2000002050605010524576450301A13121312101012181D232A2B2B29241D15130F0B070402010101010000000001000000000000000102020203060E203D596458432E201915100D09070504030303030202020201010101000000000000000000000000\x03\x02D300020D284559645D493B322D28221B16161512100F101313131616192534445B6464646464646464060F133104310115               0041390001829000031200019980                                                                                     \x03'
]
Accession number not found
[
  '\x02D1UXP-300^AP807129^B1562                   202602180   14674-GILSON00000000025202392005820195208160024320297200392050100063004362001300002000100048200161101620011000343000042\x03'
]
Accession number not found
[
  '\x02D200000103040401072E5D644A2810070809070605050302060A0D131B1D1B1A1C1C18130F0C0A0704030303020201020100000000000101020202040A162A425864614C3727201B16110C0806050403030303030201010101010000000000000000000000\x03'
]
Accession number not found
[
  '\x02D30002113353645A3D29221D1818161616161614111416160F11161618202E49646464646464646464060E163104310118               0025210001253000015800011100                                                                                     \x03'
]
Accession number not found
[
  '\x02D1UXP-300^AP807129^B1562                   202602180    14675-JULIA11000000070402700007720256209480028500301202364034440105405514002440007400394046800135001010009400204000224\x03'
]
Accession number not found
[
  '\x02D201092D6464643E384962644B2E1D141416161413121319212933414847433F372D241A120D09060402010101010102010101000000020303020202030408101F344C5C645E4F3E2D201914100D0B08060504020202010202010101010101010101000000\x03'
]
Accession number not found
[
  '\x02D30003163D5E64564231261F19130F0D0C0A07060606050605050504030303030405060708090B0D0E070E15310631011D               0069570002408000073500038140                                                                                     \x03'
]
Accession number not found
[
  '\x02D1UXP-300^AP807129^B1562                   202602180    14676-STELA000000000450014820034201172079120230202912000730035200160094910002000010004200569102011*0000*0000*0000*0000\x03'
]
Accession number not found
[
  '\x02D20000000102020205070706040201010102030405070D1D344A5B64645E544B3C2B2119120B060403030101000000000000000000000102030509101C2B3E505E645B48372B221B16120E0907050403020202010101010101010000000000000000000000\x03\x02D300020812181818150F0D0B0B0D0F0F0F101313120F0F151B1D222F3F4F5C64646464646464646464040C13310431010B               0045460000158000007200043160                                                                                     \x03'
]
Accession number not found
[
  '\x02D1UXP-300^AP807129^B1562                   202602180     14677-EDIA00000000044002640005620203207692021220276204421031500037006480001400002000280041300139000950008520132000381\x03'
]
Accession number not found
[
  '\x02D200000102030301082F5C644E2C170D0B0B0C0C0E1416233748535655514233271D16100A05030202020100010000000100000000000203020202050C1B34506464533D2C2118110D09060403020201010101010101010100000000000000000000000000\x03\x02D300021032556461513F2F2017100C08070605040303030302020202030406080B0E1119232B36434A060E12310531011A               0043880001386000016300028390                                                                                     \x03'
]
Accession number not found
[
  '\x02D1UXP-300^AP807129^B1562                   202602180   14679-DANIEL1A000000091004830012900427008840026700302202254004520106008491000400010000770039700118001290010800284000244\x03'
]
Accession number not found
[
  '\x02D20001040A0B08040405080C0D0A090C111515141211121821324553606462605A5147382F21150D0908050302010101010101000000020201010101020307132947606455402C201915100D0A070504030303030202020202020202010101000000000000\x03'
]
Accession number not found
[
  '\x02D3000107182F465A64625440332C211A17100B0B0A0808060405040303040505040507080B0D0E141E060D15310531011C               0090780000410000096500077030                                                                                     \x03'
]
Accession number not found
[
  '\x02D1UXP-300^AP807129^B1562                   202602180     14682-CAYO00000000049004580010400354007732022720294203540042900114004570002100006000220040800137001020009100160000320\x03'
]
Accession number not found
[
  '\x02D200000204050401052658645437190E0E0F0F100F0B090A0E14191D2326282826201B150F0C080605030201010101010100000000000102010102040A172E4B6164543D291D17130F0B080504030303020202020201010101010000000000000000000000\x03'
]
Accession number not found
[
  '\x02D300020A22435E64574636281E17100C09060505030304040302030507080B0E141D252F4056646464060E163105310118               0048740002102000055900022130                                                                                     \x03'
]
Accession number not found
[
  '\x02D1UXP-300^AP807129^B1562                   20260218014683-LEOPOLDIN000013000360051800102003610069720197202832016640505001160037920018000040001400373001460*0000*0000*0000*0000\x03'
]
Accession number not found
[
  '\x02D200010307080501072D5C644B2A17111212100D0B0B0D12181A1B1B1B1816130F0C0A0603030201010100000000000001000000000001020202040A1C3A5864573F2A1E17120E0A0805040303030302020201010101000000000000000000000000000000\x03\x02D3000106193754646156463A332A23221F1B1A1A181818191A18192232496464646464646464646464060E143104310115               0035670001818000041800013310                                                                                     \x03'
]
Accession number not found
[
  '\x02D1UXP-300^AP807129^B1562                   202602180  14684-MARIETA11000000047403290008200287008720024920286201784031240066406224001540003400294044500131001320011300316000204\x03'
]
Accession number not found
[
  '\x02D200061D434E3A1C182F57645A3C21151415151311121722303E464C5658534D46352517130F0905050402020101010100000100000002030202020203060F1E37516464594430221C16110D09070503030202020202010201010101010100000000000000\x03'
]
Accession number not found
[
  '\x02D3000211304D5E645B483628231E1B171414120E0B0B0C0D0C0B0A0A09090A0908090D11171E29383F070F14310531011D               0047150001466000031000029390                                                                                     \x03'
]
Accession number not found
[
  '\x02D1UXP-300^AP807129^B1562                   20260218014687-NOSSELINA1A0013000490030800090002710088000292003320006240096200720083210005000040004000742102461*0000*0000*0000*0000\x03'
]
Accession number not found
[
  '\x02D200020A171B1308050C1A1F1A0E08080A0D0E0B0A0B0B0E1C2C35485B62646255463A2F241E150E090704030101010101010100000001030405070C16253B4D5A62645F594F44372D241F191613110D0A0908060504030302020201010101010101010000\x03\x02D300040F284B5D62645F504033281F19191D1F1F282A231F1F2A3841474C6264646464646464646464070D153104310110               0049170000470000035300040940                                                                                     \x03'
]
Accession number not found
[
  '\x02D1UXP-300^AP807129^B1562                   202602180    14688-MARTA00000000087004930013800388007872028000356002520023600084006800002100007000590038400140001170010000235000250\x03'
]
Accession number not found
[
  '\x02D2000103060705010522515A43281611131515120F0D0F1725394B596264615A513D2F251E150E09060302020101010100000100000001020202020307132B495F64573F2A1E17120F0C090705040403030303020202010101010101010000000000000000\x03\x02D300010C2A4B60645B4C3E30261E18130D0B0C0B090909070607090908080A0E141C2B3E5664646464060E153104310119               0087030002053000073100059190                                                                                     \x03'
]
Accession number not found
[
  '\x02D1UXP-300^AP807129^B1562                   202602180   14692-ANISIA00000000080003160008100250207912025620324001830018920052007590001500004000610050800177101260010200269000190\x03'
]
Accession number not found
[
  '\x02D2000103060806020315323A3426171010100D0B0C0E14233A49525C63645B4D4336291F160F0905040302020101010001010100000003040303050A14253C515F6461564737281C140F0C0907050303020302020201010101010000010000000000000000\x03'
]
Accession number not found
[
  '\x02D30001081C3F5B645D4D40362D25211B140F11130E0B0C0E0F101316191D2533454F61646464646464060E133105310115               0079520001512000041600060240                                                                                     \x03'
]
Accession number not found
[
  '\x02D1UXP-300^AP807129^B1562                   202602180      14693-ANA00000000147003990011400329008250028600347002900006620056008781001000008001290040600128001230010000238000290\x03'
]
Accession number not found
[
  '\x02D20000010304030201060E14130D0C0C0C0B0A0A0A0C121C2B3D5464645D5A564B3C30251A120A080704030202010101010101000000020302020102040A18315064624E39281F19130F0A0705040303030202020202020101010101000000000000000000\x03\x02D3000310305264645E5345372C221C150F0E0E0C09080706050404040403050607090D131D2C394A5E070D13310731011B               0147060000970000082300129130                                                                                     \x03'
]
Accession number not found
[
  '\x02D1UXP-300^AP807129^B1562                   202602180  14694-MARCELA1A000000111003110009100273008780029300333002064012420126007500001400014000830046500138001040009200188000194\x03'
]
Accession number not found
[
  '\x02D2000104090B0905040D202A261A1415171716151312121B2B41525C63645D54493D3024160D0705040201010101010100010100000002020202020204081221354D6064594836261D17120E0A080504030302020202020202010101010000000000000000\x03\x02D30003113155646051402F241C1512120E0A0807050404040404040506050607080B0F11161B232F39070D153104310119               0111380001376000139900083630                                                                                     \x03'
]
Accession number not found
[
  '\x02D1UXP-300^AP807129^B1562                   202602180   0374-CLEYTON00000000093003860010500329008520027200319003910019620057007470001800005000700039300125001010009000156000350\x03'
]
Accession number not found
[
  '\x02D2000002050605010521444A3A22100E141817181F29384A596264635F574C3C31291F16100A0806030101010101010101010100000002020101010103060F213C57645A4531241B15110D0A07050403020202020202020101010101000100000000000000\x03\x02D300020C25486264584938281D15110E0A070604020202020202020101010203030406080B0E13191F060E12310531011B               0093100001823000053000069570                                                                                     \x03'
]
Accession number not found
Started server on 0.0.0.0 and 6010
[
  '\x02D1UXP-300^AP807129^B1562                   202602180    5228-MILTON1A000000042004740012500416008780026400300202014061010137002532002600006000100041700122001290011000297000224\x03'
]
Accession number not found
[
  '\x02D20001060D0F0B0204205464593A1D0E0C0D0E0E0E0D0D0D0F11121313100E0B0807050402010101010100000000000000000000000001020201010102040A182F4C626457432F211A15110D0A070503030303030303020202020101010101000000000000\x03'
]
Accession number not found
[
  '\x02D301020A22445D645B4C3F3329221E181411100E0B090808070809070605060607090C101419212A32060F16310631011D               0041840002562000057500010470                                                                                     \x03'
]
Accession number not found
[
  '\x02D1UXP-300^AP807129^B1562                   202602180     5227-LINDA00000000067004210010500346008220024920303202960042200078005000002800005000340045400146001110009500204000280\x03'
]
Accession number not found
[
  '\x02D20000020506040106295B64492814101112121214161D252A2A29271F1B1A16120D080504030201010101000000000000000000000002020201020307112239526264543F2F211915110D0907050404030303030202020101010101010000000000000000\x03\x02D300020B244864645548392C231B16100D0B090706060504030404040507090A0D131B283541506464060E123106310119               0066860002827000052300033360                                                                                     \x03'
]
Accession number not found
[
  '\x02D1UXP-300^AP807129^B1562                   202602180     5229-RASMA00000000043004490012500382008510027800327003680055810084003582002400004000150039200118001040009300178000340\x03'
]
Accession number not found
[
  '\x02D200000204060501082E59645A3C1F120E0D0C0A0A0A0B0F181B1A19181816120E0D0C0907050302020201000100000000000100000002020101010102050D1C3956645B4834261B16110D0906040303020303030202020201010101010000000000000000\x03\x02D300020D294C6463534234271D16120D0A08060404040403020203030302020202040607080C141A1D060F15310531011D               0042710002399000036100015110                                                                                     \x03'
]
Accession number not found
[
  '\x02D1UXP-300^AP807129^B1562                   202602180   5230-MELANIA00000000043003970009000287007232022720314004000036700116005170001600005000220037500131000970009700199000391\x03'
]
Accession number not found
[
  '\x02D200010204060502052455645C412114141515131211121418242E32363837312B241D17120D070606040201000000000101000000000102020203050F244662644E34221A16110C0805030302020202020101010101010000000000000000000000000000\x03\x02D300020C284D6464574431251B120D0A0A090807070809080707070707080C131B2535486064646464060E15310431011A               0043300001578000049900022530                                                                                     \x03'
]
Accession number not found
[
  '\x02D1UXP-300^AP807129^B1562                   202602180      0375-HERI1600000008800512001470046900916002870031300248001672*0000*000000150*0000*0000054510161100900008820134000220\x03'
]
Accession number not found
[
  '\x02D20000020506050302102A322D251A141319252F3C464A556164625D534A3D322A2217100B080503030202010202010000010100000001010101020204070F1D31485D64645A4C3B2F241B16120E0C08070605040403030303030203020101010101010100\x03\x02D300010E2E52646153433322140D0C0A07050403030304040404030304040406080B0D0D10181F252A070F0F310431011A               00884900014700*000000*000000                                                                                     \x03'
]
Accession number not found
[
  '\x02D1UXP-300^AP807129^B1562                   202602180 14697-JOSEFA.N1A000000060004110010800361008780026300299202294028700074006390001700004000390046100132001600011200330000264\x03'
]
Accession number not found
[
  '\x02D20001070F120E07061C4A645F40231412131210100F0C0A0E182131444C4E4F4F4C463F352A231C160F0B070603020102010000000002030302020203070E1C324B60645A4838291F18130E0A070503030303030202020202010101010101000000000000\x03\x02D300020C233D5363645B574B392F28221C171614110F0F0C090808090B0908090A0C11151A20283949070F16310631011A               0060230001722000044400038570                                                                                     \x03'
]
Accession number not found
[
  '\x02D1UXP-300^AP807129^B1562                   20260218014698-CARLA.LUR00000000046003500008100290008290023120279204031016420064007720000800003000350042000135000920008420133000340\x03'
]
Accession number not found
[
  '\x02D2000102040505040511272F2A1C12111212110E0B0D131B2B4057606463594E4531251A150F07050402010101000100010001000000020202010202050B1A3350626456402E221A14100B0706040303030302020202020101010101000000000000000000\x03\x02D300020F2D5064604A36271D150F0B09070605040303020102020202020202030406080B11171C242C060E13310631011A               0046290000754000029400035810                                                                                     \x03'
]
Accession number not found
[
  '\x02D1UXP-300^AP807129^B1562                   20260218014699-RENALDA.A00000000075003480007520264007592021620284202190019520068007370001500005000550043900157001881011200352000250\x03'
]
Accession number not found
[
  '\x02D2000104080A0702041A3A413621110D0F121515161922324B565A61645E5042362A1D130D070503020101010000010101010100000003040403040812254259645D4C38282019110C09070504040303020202020101010101000000000000000000000000\x03'
]
Accession number not found
[
  '\x02D300010E284158645F5347403A322B24201C18151717121113131213151D2530405764646464646464060E133106310117               0074910001463000051000055180                                                                                     \x03'
]
Accession number not found
[
  '\x02D1UXP-300^AP807129^B1562                   202602180  14700-NILSA.E00000000086004380011600355008110026500327002710017520083007420001500007000640045500156001070009300186000250\x03'
]
Accession number not found
[
  '\x02D20001030608070303112C373323120E1112131413141B293D505E64635D50443B302219130D07030202020101010000000000000000020202010203081429465D645C4B3C2F241B140F0B0806050404030303020202020101010101000000000000000000\x03'
]
Accession number not found
[
  '\x02D300010B284F6463554A3E2F2219130F0C0A090907050303040404050607080C10171E2D455E646464060E143106310118               0086360001505000071400064170                                                                                     \x03'
]
Accession number not found
[
  '\x02D1UXP-300^AP807129^B1562                   20260218014701-LATIANE.A1A000000060003710012000350009430032300343001574026400081006550001600005000390044400125001951012800435100204\x03'
]
Accession number not found
[
  '\x02D200020A1619100503153B58553A251918191713110F101A2B3C525F64625A51483E2B1A15110A0604030200000100000001000000000203020202010202040A182E4A5F64584533271E19140F0C0907050303020202020202020201010101010101000000\x03\x02D300020D203B525B61645E5A53453B352C24201D171716120F0E0F100E0B0A08090D0907090D11171C070F15310831011D               0060370001584000048600039670                                                                                     \x03'
]
Accession number not found
[
  '\x02D1UXP-300^AP807129^B1562                   202602180 14702-ISABEL.F00000000086003550007820283007972022020276202420018720073007400001600006000640045100149001390010800296000260\x03'
]
Accession number not found
[
  '\x02D200010307080601031736423A25171314120F0E0D0B0C1320324455626461605A4C4537251A130E0B0805030201010101010100000002030302020409162D485F645C4A392B2119120D090605030303030202020202010101010000000000000000000000\x03\x02D300010A23425964635A5145372B231C17141214100A090909080909090A0C0F152231415664646464060E153106310119               0086080001608000062800063720                                                                                     \x03'
]
Accession number not found
[
  '\x02D1UXP-300^AP807129^B1562                   202602180 14704-SHEILA.M00000000043004520011100374008270024620297201800011920145007360000500006000320042700135001190010000225000180\x03'
]
Accession number not found
[
  '\x02D20001050B0D0904040C1B29291A0E0B0F171B1F201E170F10171E2B3B4A545E64645F554834271E16110B0604020101010000000000010201010102040A18304E6264533E2B201A15110C0906040303030302020202020201010101010000000000000000\x03\x02D3000105173657645E534A3D2D1E161513100B080806030304040505060707070C11131C2B39526464060E173105310118               0043340000512000062400031980                                                                                     \x03'
]
Accession number not found
[
  '\x02D1UXP-300^AP807129^B1562                   202602180 14705-ISABEL.A00000000093004040009700322007972024020301203960003720091008721000300008000820052600186100950009000146000361\x03'
]
Accession number not found
[
  '\x02D2000002050504020205080A0907080D1011110E0D111E3144525F64615545392E20150E0A070503020101010101010000000100000002030202030711233F5664635A4B3C31271E17110D0A08060504040303020202010101010101000000000000000000\x03\x02D300010922435D64594633241A120C0A08070604030203040404050404070A10171F2732404D5C6464060C133105310118               0093100000344000084600081200                                                                                     \x03'
]
Accession number not found
[
  '\x02D1UXP-300^AP807129^B1562                   202602180  14706-MARIA.E00000000144003100007920291009390025520271203220009720052008511001400007001230050800149001050009100177000290\x03'
]
Accession number not found
[
  '\x02D200000103040302030B1518140D0807090A0B0D121C2A3F545F64645E4E3B2E24180F0907040202020101010000010101010100000103030202020203040A15273F5664645A4B3B2D251E16110D0A08060504030303020202020101010101010101010100\x03'
]
Accession number not found
[
  '\x02D300020F2D506464534132251B16120D0A0807070605030303030202020303030302040506070A0D0F060E13310531011B               0144020001397000074900122560                                                                                     \x03'
]
Accession number not found
[
  '\x02D1UXP-300^AP807129^B1562                   202602180   14707-ALDA.M00000000032003760009700327008700025820297202340060210092003062001900003000100046800138001150009900221000230\x03'
]
Accession number not found
[
  '\x02D200000204040301041F4E645A371B0C0708090A0A090807090D1012161713110F0D0906050402010000000001010000000100000000020202010102030711223851646458432F221B16130F0B080504030302020202020101010101010100000000000000\x03\x02D30001071B3B57645E4E4032261D18140E0B0A08060605040404040505040405070A0D101216202C35060F163106310119               0031820001926000029400009620                                                                                     \x03'
]
Accession number not found
[
  '\x02D1UXP-300^AP807129^B1562                   20260218014708-ESTRELA.D1A000000083004690011800402008570025220294202674012120096007830001000008000650043700132001430010900305000294\x03'
]
Accession number not found
[
  '\x02D200010307090603030F21251E130F0F1214140F0D0F172635475D64615A574D3B2C1F150E08060503020101010100010101010000000203020202030408112138526461513B2A1F1914100C09060503030303030302020202020101010100000000000000\x03\x02D30001081E3F5A64625F56463A3027201A1513100C0A0A0B0A080708090A0D0F12121218222B37495A060D143105310119               0082540001004000079700064530                                                                                     \x03'
]
Accession number not found
[
  '\x02D1UXP-300^AP807129^B1562                   20260218014709-GERMIA.PA1A000000117001692004920152208990029000322001174010520049008461001200006000990060610197101921012200413000144\x03'
]
Accession number not found
[
  '\x02D2000104080A07050D151816120B0503040607080908070911203347586264625A4D3E3122191109060302020101010101010100000104060505050609111D2F475964635545372A221D1A16120F0C0A080604040302010101010101010101000000000000\x03\x02D300040F2941516064605F5D5B513A292726221C1B1A141418161313171B1E1E1C1F2B363B4D5F6464060E163105310119               0117440001229000057300099420                                                                                     \x03'
]
Accession number not found
[
  '\x02D1UXP-300^AP807129^B1562                   202602180     5232-HASSU1600000007700598101570048400809002630032400366002130*0000*000000160*0000*0000036620133000980008520169000310\x03'
]
Accession number not found
[
  '\x02D20001040A0C0B070E27434C46301E1C222C34373D484E5259606460554E41352A23160E0D0B080402020102010102020101010000000102020202030409183251645F4931221914110F0C0907050404030303030302020201010101000000000000000000\x03\x02D300061C446464523E2D211A150F0A0A0A0A09090909080808090807080A0C0C0C0F14181D25304254060E0E3104310116               00766900016400*000000*000000                                                                                     \x03'
]
Accession number not found
[
  '\x02D1UXP-300^AP807129^B1562                   202602180     5233-YANDE00000000058004650011100382008220023920291203560045900080004610002700005000260043700137000900008120107200290\x03'
]
Accession number not found
[
  '\x02D200000102030200041F4E645C3A1B0B0A0B0D10111113192023242424211C1815120E0B080604040201010100000000000000000000010101010102050C1C344F636455422F231B150F0B0806040303020303030202020202010101000000000000000000\x03\x02D300020F3157645B4B3A2B1D130F0C060505030202020101010101010202030405080C1119222D3C4D060F14310431011A               0058440002662000046400027180                                                                                     \x03'
]
Accession number not found
[
  '\x02D1UXP-300^AP807129^B1562                   202602180     5233-YANDE00000000064004770012200391008200025620312003790046800060004720003000004000300043000135000910008220107200310\x03'
]
Accession number not found
[
  '\x02D20000010203020003194A645C3A1B0A090B0D0E0F1113181D1E1E2021201C1815110D0A080604030201010000000000000000000000010101010102050C1D36506164554130241A140F0B0705040403030303020202020201010101010000000000000000\x03\x02D300021131536462533D2B1D140E0B070503020202020202010102020202020305080C0F17222F3E4C060F13310431011B               0063890002995000038400030100                                                                                     \x03'
]
Accession number not found
[
  '\x02D1UXP-300^AP807129^B1562                   202602180   14710-MARCIA00000000073004340010400351008090024020296201540020100049007500001500004000540048100158001530011000338000170\x03'
]
Accession number not found
[
  '\x02D20001030608070403102A39372918111011110F0E141F314B5A606460534D463B2B1A0F0A070503010101000101010100000000000001020202020308152B465B645F513F31261C16110C0906050403030303020202020101010101010000000000000000\x03'
]
Accession number not found
[
  '\x02D300020E273F5564604F46443D322C261E1B151011110D0A0B0B090B0F111115203349646464646464070F133104310118               0072990001467000035800054740                                                                                     \x03'
]
Accession number not found
[
  '\x02D1UXP-300^AP807129^B1562                   202602180  14711-VICENTE11000000114404670010800357007642023120303202884022440070407064002640008400804039200134001440010100261000294\x03'
]
Accession number not found
[
  '\x02D20107224E6052382E33404236261A15141211100F0E11162235475560646461584431251E17100B07030302020201020201010000000203020203050A16315164604E38281D17100C09060403030303030202020201010101000000000000000000000000\x03\x02D300020E27435A645B4C3B2B251F19161515120E0D0D0A0A0A090B0E12161A1F252B394E6164646464070E143105310116               0114350002554000079800080830                                                                                     \x03'
]
Accession number not found
[
  '\x02D1UXP-300^AP807129^B1562                   202602180   14712-SILVIA00000000067005911012400441007462021020281203530020100051007480001300003000510035720135001630011500368000411\x03'
]
Accession number not found
[
  '\x02D20001030607050102153C453521100C0E121313162030485A6062645F4C3F312317100C0804010101010101010101010101010000000203030203050C1D3B586459432D1F16100D0B08060504040303030302020201010101010000000000000000000000\x03\x02D30001081E3E545B606458453E3B3128221E1B1612100F101213121212111724324564646464646464060E123106310118               0067350001347000034200050460                                                                                     \x03'
]
Accession number not found
[
  '\x02D1UXP-300^AP807129^B1562                   202602180   14713-OFELIA11000000076404300011600354008230027000328002414032440125405514002540010400414040800126001344010740280400264\x03'
]
Accession number not found
[
  '\x02D201092B6464645F4D505E645E48352D2A29282A262120293642515C605D524A41382C2118110A080704040404030202020302000000010202020202040A152A475D6456402E2119140F0B0704030302020202020202020101010101010000000000000000\x03\x02D3000109224B646159564F4231261D1615130E0B0B0B0B0B0A0B0908090A0B0C0E11151D2A3A495F64070F15310431011A               0076330002462000095000042210                                                                                     \x03'
]
Accession number not found
[
  '\x02D1UXP-300^AP807129^B1562                   202602180   0376-CARLOTA1600000007600420001320037300888003140035400279004540*0000*000000350*0000*0000042800123001150009600208000270\x03'
]
Accession number not found
[
  '\x02D200000204050401052456645638190A090C0E111720272C2D2B2723211E170F0B0806050302010101010100000000000000000000000202020101010204081428445D645C4935261C17130F0B070504030302020202020202010101010101000000000000\x03'
]
Accession number not found
[
  '\x02D300010B244258645F4E3C2B221E19120E0B080605050403030302010101020303030405090C0E1319060F0F310631011C               00755500034500*000000*000000                                                                                     \x03'
]
Accession number not found
[
  '\x02D1UXP-300^AP807129^B1562                   202602180   5234-MYEISHO00000000096004130012300370008960029800332003110015520078007670001500007000740050500150000920008720131000270\x03'
]
Accession number not found
[
  '\x02D200000204050502020E26322F20130D0F1518191C28384B5C6364645E5043382B2117110C07050302010101010101010101000000000102010102020408101F344C5E645E503F30241C16120D0A0706050403030202020202020201010101010100000000\x03\x02D300010C284B6364523E2E2016100C09060504030303020102020202020202040607090B0E12181E23060E13310531011B               0096430001488000074900074060                                                                                     \x03'
]
Accession number not found
[
  '\x02D1UXP-300^AP807129^B1562                   202602180  14714-LIBERIO1A000000243104080009600303007432023520317012273014520060007950003500015001930054810206100990008520161001054\x03'
]
Accession number not found
[
  '\x02D20001050A0C0904050C192427221912111211101011141C293846526164615C55493B2F261C140E0A08060403020202020202000001060908080E172435495B6462584734251B15100C080705040303030302020201010101010100000000000000000000\x03\x02D3000416395B64574333271E17120D0B0A090706060606070708090B0D1013171A1C1F242A2F35393A060F143105310116               0243200003524000145800193380                                                                                     \x03'
]
Accession number not found
[
  '\x02D1UXP-300^AP807129^B1562                   202602180    14716-PEDRO1A000000130003790012300358009450032500344001214005320096008511000700012001110048100144001020009000173000114\x03'
]
Accession number not found
[
  '\x02D20001030708060303060E100C0806070B111415171B233247525A62645E52493F2F2119120C080503020202010101010101010000000101010101020203060F20374F61645A4735261E1915110F0C09070504030302020202020202010101010101010100\x03\x02D300010C2F5461645D452F211A15100F0D090909060605050605060707060606080A0B0A0A0B0E151B060D143104310116               0129780000689000124800110410                                                                                     \x03'
]
Accession number not found
[
  '\x02D1UXP-300^AP807129^B1562                   202602180   14718-XAVIER000013000880037100114003230087100307003530007740060201110082910005000100007300432001480*0000*0000*0000*0000\x03'
]
Accession number not found
[
  '\x02D20001030607050303060D12110B090A0F1417191A1B213143515C626461554A402F2219120B0705040201010101010101010100000001010102020203070F223D576458432C1E181614120F0C080604030303030202020202020101010101000000000000\x03\x02D300051A446464594F48484333231C19171210151913101013151519191919151A252E364B64646464060D143104310116               0087530000528000097700072480                                                                                     \x03'
]
Accession number not found
[
  '\x02D1UXP-300^AP807129^B1562                   202602180   5235-EUCADIA1A000000110004670011300344007372024220328005314025500057006880002800006000760047700188101360010100254000544\x03'
]
Accession number not found
[
  '\x02D20001040A0C0904082857604A2E17101216181C212F47596264635E53463A2F231A120D09040303030101010101010001010100000103060505080F1E354F5F645A4C392A1E16120F0B080605040403030202020101010101010000000000000000000000\x03'
]
Accession number not found
[
  '\x02D300030F2A495E645D4E4034261C181716120F100F0D0E1010101316181C24303E4D5F646464646464060E123105310116               0110460002805000062700076140                                                                                     \x03'
]
Accession number not found
[
  '\x02D1UXP-300^AP807129^B1562                   202602180     14719-ROSA1A000000051004140011100332008020026800334005074015820063007790000800003000400052500196101230010000238000514\x03'
]
Accession number not found
[
  '\x02D200010710120C06040715272E2B1E100B0C111413151F2F3F4E5C61626462523C31231A140E090503030201010101010000010000010405040405070E1F3B5664615340342B241E17120F0B09070604040303030202020101010101010000000000000000\x03'
]
Accession number not found
[
  '\x02D300020B23425A6460534435281F1B17110D0B0C0B0909080706080B0B0B0E1112161E293745546464070F143105310117               0050630000806000032100039360                                                                                     \x03'
]
Accession number not found
[
  '\x02D1UXP-300^AP807129^B1562                   202602180    14720-VANIA00000000054002890007720237208200026600325002320023200065007030001300004000370044000148001120009600207000220\x03'
]
Accession number not found
[
  '\x02D200010206070602031536453F2C1B12111213120F0F131D2C3B4F5C63645D4C3C2F2218120B08050403020201010101010101000000020302020202050E213D57645C48372A211A140E0A0806050403020202010201010101010100000000000000000000\x03'
]
Accession number not found
[
  '\x02D300031331526461574B3A2E261B14110D090908080908050303030204060706070B1118212D3D5464060F14310531011B               0053610001253000035100037570                                                                                     \x03'
]
Accession number not found
[
  '\x02D1UXP-300^AP807129^B1562                   202602180 14722-ANGELINA1A000000092004370010000315007212022920317002534022500086006890002100008000630037900141002011012200406000314\x03'
]
Accession number not found
[
  '\x02D20001040A0B0803020D2A403F2D1B1514151414110E0F1926384E62645C524A3F3123170F0C07040202020100010000000101000000020303030307132C4D6464503A291D15100C0806040303030302020202010101010000000000000000000000000000\x03'
]
Accession number not found
[
  '\x02D30001081C38536461595952463E362B26221C1B1D1E1C15121414151E272E3C556464646464646464070F153104310118               0092160002070000079100063550                                                                                     \x03'
]
Accession number not found
[
  '\x02D1UXP-300^AP807129^B1562                   202602180 14723-ISALTINA00000000139004340010700335007722024720319002040011220074008141001600010001130043900152001100009600218000200\x03'
]
Accession number not found
[
  '\x02D2000001030403020209161F1F180E08080B0E0E0D0B0A0D17253647576364605A4D3F332A1F150E0A060302020101010101010000000102020202050C1C37546462544030231A140F0B080605040403030302020201010101000000000000000000000000\x03'
]
Accession number not found
[
  '\x02D300030F294C646455473C30241A141312100E0B080809090A0A0B0A0B11181E283A4F646464646464060E163104310116               0138630001557000102900112770                                                                                     \x03'
]
Accession number not found
[
  '\x02D1UXP-300^AP807129^B1562                   202602180    14724-NEIMA1A0013001120041900111003230077120265003440015740106200850080910012000100009000473001711*0000*0000*0000*0000\x03'
]
Accession number not found
[
  '\x02D200010308090705040916201F150D0C0D11110E0C0C0B0E1824354A5D6464615B5243332820160F0C0805030202010101010100000002030303050A13233A526164594432241B15100D0A0706050403030202020201010101010000000000000000000000\x03'
]
Accession number not found
[
  '\x02D300020B203C505A6264615A4E4037353029231C1C1E1C1A1C2227303C4B5F64646464646464646464070E163104310115               0111710001187000095200090320                                                                                     \x03'
]
Accession number not found
[
  '\x02D1UXP-300^AP807129^B1562                   202602180  14725-PALMIRA1A000000098004870012900383007862026500337003234016020096007440001600009000730043000148001250010400263000344\x03'
]
Accession number not found
[
  '\x02D2000104090B0702010C24333120120E0E1013141312151D2C404E5A63645F5546382B1E150D070402010101000001010001010000000203020203050A162C465D645A4532241B15100D090705040303030203020202020101010100000000000000000000\x03'
]
Accession number not found
[
  '\x02D30001081937566460554A3D31271E18140F0B0A0A0908080807070A0B0B0E151C2737455664646464070E153105310118               0098390001568000094100073300                                                                                     \x03'
]
Accession number not found
[
  '\x02D1UXP-300^AP807129^B1562                   202602180  14726-JULIETA1A000000142006041012100402006662020020301203474018020044007760002600006001100038200155001290010300264000364\x03'
]
Accession number not found
[
  '\x02D20001050C0E0A0403102D3C3926130D0C0D0D0D0C0C0E172537445361646361594D3D2E241D140F0B07050302020101010101000000020202030816304F64614D38261B130E09070505040403030303020101010100000000000000000000000000000000\x03\x02D30000071630506464584C41342A211A16120F0F0F0F0F101117202F46626464646464646464646464070F143104310114               0142230002556000062500110420                                                                                     \x03'
]
Accession number not found
[
  '\x02D1UXP-300^AP807129^B1562                   20260218014727-RODRIGUES00000000042004390013500396009020030800341002840045700103004402001900004000190044900129000950008420119200240\x03'
]
Accession number not found
[
  '\x02D200000205060501041F52645C40200F0D101111101010131D2628292826241F19130E0B08040202010000000000000000000000000001010101010202040912253E586461503C2A201A15110D090704030303020203030202020201010101010100000000\x03'
]
Accession number not found
[
  '\x02D300010C294E64635340302418110C080605040302010201010101010102030404040506080B0E1217060F15310431011B               0042290001919000043300018770                                                                                     \x03'
]
Accession number not found
[
  '\x02D1UXP-300^AP807129^B1562                   20260218014728-AGOSTINHO1A000000150003990011400344008620028600331004174040400086005100006100013000760042500134001220010700280000454\x03'
]
Accession number not found
[
  '\x02D200030D1E241C0E091B4A645E3C1B0E0E0F0E0E0D0E121A242D3435322C272118130E0B070403030201000000000000000000000001030403020202030610223D57645B4A36281E17130F0C09060503030303020202020201010101010101000000000000\x03\x02D30001091D39556460584B3D352C201712100E0B080707070606050504030304040406090B0D141E26070E14310631011D               0149790006060000129000076290                                                                                     \x03'
]
Accession number not found
[
  '\x02D1UXP-300^AP807129^B1562                   202602180   14730-SERGIO1A000000101003640010100298008190027700339002574002720022009511000300002000960046000159001360010700296000284\x03'
]
Accession number not found
[
  '\x02D200010710120C040405050605040404050605070C122039515E6264645C4E3C312418130E0905030101010101000101010101000000020303020203060F203B58645E48301F19171512100C08060403020202020101010101010101010000000000000000\x03'
]
Accession number not found
[
  '\x02D300010921435C645E524C43372C231D1913110E0B0A0A0A090907070A0C0D0F10131C27303C516464060C113106310119               0100640000273000022200095690                                                                                     \x03'
]
Accession number not found
[
  '\x02D1UXP-300^AP807129^B1562                   202602190    14732-UILMA17000000097004170012100356008540029000340001640019040148406620001840014400650044800144001090009800217000162\x03'
]
Accession number not found
[
  '\x02D200010205070704030C294547372D2C2F2F2B242222252C363F495563645D574E3E31292118100A07060402020201010101010000000101020202020409132740576461503C2B1F1814110D0A070504030302020202020202010101010100000000000000\x03'
]
Accession number not found
[
  '\x02D300020F2C4B6164564232271F1A130D0A09080809090806060806060808090B0E1419202B3B4D5C64070E14310431011A               0096790001843000143600064000                                                                                     \x03'
]
Accession number not found
[
  '\x02D1UXP-300^AP807129^B1562                   202602190    19737-ALICE1A000000078002680007820246209180029100317005324014520105007500001100008000590055410172101160010200246000544\x03'
]
Accession number not found
[
  '\x02D200020811140E06050C1B2A2C23161212141515151414161C2839455563645C54493B30241B140D0906040201010101010100000001060806040403050A14253C5260645B4B3F3429211C15100C0907060504030303020201010101010101010101000000\x03'
]
Accession number not found
[
  '\x02D300010A254861645544382E251E19130F0D0C0907070605050404040403030404050607090A0D1216070E15310831011D               0078010001131000081900058510                                                                                     \x03'
]
Accession number not found
[
  '\x02D1UXP-300^AP807129^B1562                   202602190     14738-ROSA00000000103004250011500336007912027100342001960012520067008081001300007000830043500157001680010800316000210\x03'
]
Accession number not found
[
  '\x02D200010205060503040C1C2523160C0A0B0D0E10101118273C4E5C6164635A4D3E2F261C140E0804020201010101010101010100000002030202020408152D4C6264553F2E241C16110D0A0706050403030302020201010101010101000000000000000000\x03\x02D30004132E4C6064594A413C3229251C18181815130F0D0D0C0A0B0D0E0E131C242D42646464646464060E143105310118               0103290001288000069000083510                                                                                     \x03'
]
Accession number not found
[
  '\x02D1UXP-300^AP807129^B1562                   202602190   14739-HATIJA1A000000051003970009900341008590024920290204624039700212103912002000011000200051400158001260010600274000494\x03'
]
Accession number not found
[
  '\x02D20001060D0E090302103D646342271D1D2124231E1716191C21252627251F1A17120E09060403020101000000000000000000000001040604030404070D1B2F45576461564737281E17130E0A080604040303020202020202010101010101010000000000\x03\x02D30001081D3F5A645F5144392E251E1914100D0909090807070708090809090A0D0F1013181F28333B070E15310631011A               0050930002025000108100019870                                                                                     \x03'
]
Accession number not found
[
  '\x02D1UXP-300^AP807129^B1562                   202602190    14740-SHELA00000000121003490009800319009140028100307202110011820072008101001400009000980048400142001340010900295000230\x03'
]
Accession number not found
[
  '\x02D200000204050402020B1A211F160E0C0C0F11100F1017263746525C636461533E30271B140F0905030302010101010101010100000002030202020102040A172E4A60645A4A3B30251D17120D0A0805040303030302020202020101010101010100000000\x03\x02D300020A1E3B5160645743362B25211B17120F0C08080A0806060706040204050507090B0D0F151D25060E14310831011D               0120950001428000087100097960                                                                                     \x03'
]
Accession number not found
[
  '\x02D1UXP-300^AP807129^B1562                   202602190    14741-NEIMA110013001044041200096002990072620233203210014940226400964067840024400104007040431001661*0000*0000*0000*0000\x03'
]
Accession number not found
[
  '\x02D200061C41524C3B2928405B5E4A31252526241F1E21232D3C4A5661646461584F3D332C2318120F0A07040303030302010203000000010304040509163052645D4630231D19140F0B08050504030302020202010101010100000000000000000000000000\x03\x02D30003112D50645D4D412E1F1D1E1B1A1D1A181A1D2121232422242A2F364052646464646464646464080E133104310110               0103750002350000099800070270                                                                                     \x03'
]
Accession number not found
[
  '\x02D1UXP-300^AP807129^B1562                   20260219014742-ANASTANCI110013000254017420036201452083300207202482003840531401254034440013400034000940567102021*0000*0000*0000*0000\x03'
]
Accession number not found
[
  '\x02D200041229342E201C30566458371F15131415140F0E0E0F1417181C1D1A1815120E0A0605050100010101010000000100000000000002040507080B121E31435862645D4C3F34271D15120E0B090806040303020202010101010100000001000000000000\x03'
]
Accession number not found
[
  '\x02D300051B4764625D503D33312E2C251D20272C2E363B38383638444E4C506264646464646464646464070F15310431010F               0025410001328000031300009000                                                                                     \x03'
]
Accession number not found
[
  '\x02D1UXP-300^AP807129^B1562                   20260219014743-FELIZARDA1A0012002551036700073202592070620199202822021240164200360080000042000090020400628102711*0000*0000*0000*0000\x03'
]
Accession number not found
[
  '\x02D20000020507050309172327251A100C0B0C1016223245576264625A4E4032261E150E090605040302020203030202020202020000010408090F1D344E5E645F574B41372C221B15110E0B0906050504030202020202010101010000000000000000000000\x03\x02D300010A1D364D60645D55504D41363736333333313138445564646464646464646464646464646464060F123104310111               0255330004182000091800204330                                                                                     \x03'
]
Accession number not found
[
  '\x02D1UXP-300^AP807129^B1562                   202602190   14744-AMELIA1A000000082003840010300340008850026800303201694016720071007620001400006000620048300147001280010300263000174\x03'
]
Accession number not found
[
  '\x02D20001040A0B080203102431302213101113131213191D2A3D4E5D64635B5246392A1A13100B0503020201000000000000010000000002020201010203060F21374F6364574334291F19140F0C090705040303020202020202020101010101010000000000\x03\x02D3000109203C556462584C3E3228201A14110D0A080808070505050508070706080C0D0E141F2C3944060E133106310119               0082240001369000058200062730                                                                                     \x03'
]
Accession number not found
[
  '\x02D1UXP-300^AP807129^B1562                   202602190   14745-TERESA1A000000196103860009400302007822024420311005074008920043008681001700008001710046600159000970008720141000444\x03'
]
Accession number not found
[
  '\x02D20000010304040302060F1616110C0B0C0C0C0D121E2F44566164615B4F4133261B120C0906040202010101020202020201020000000203020203050E1E344D5E645C49382A1F17100C090705040403020202020201010101010000000000000000000000\x03'
]
Accession number not found
[
  '\x02D3000211325364645541312419110D0B0807060604040302030404040506090B0F151C26323C495763070E123105310118               0196210001744000084300170340                                                                                     \x03'
]
Accession number not found
[
  '\x02D1UXP-300^AP807129^B1562                   202602190    14746.marta00000000169103750011600330008800030900352002700008820045008671001500008001460046900142001070009200175000250\x03'
]
Accession number not found
[
  '\x02D2000001020303020206101615100C0B0C0D0E0F121925384C59616460544B3E2E2018100C080504020202010101010101010100000002020202010102060F2039536463564230251C17130E0B080605040302020202020202010101010101000000000000\x03'
]
Accession number not found
[
  '\x02D300020D2A4C62645442372C1F16130F0C080605040404040202020101010203040507090C0E131B24060E12310731011B               0169010001487000076100146530                                                                                     \x03'
]
Accession number not found
[
  '\x02D1UXP-300^AP807129^B1562                   20260219014747-FLORENCIA1A000000111003790010800328008650028500329001944022100115006640002500013000730043000132001721012500405000244\x03'
]
Accession number not found
[
  '\x02D2000415303A2D17132444534E3620131114181A1D2327293143545B5F6264625A4B40392B221B130C0704020202020101010100000002030302020202050D1F3A55645D4B392A2019140F0B08060403030302020202020202010101010000000000000000\x03\x02D30003122C4659645E54514941352B2523231F181415161614110C0C0E0C0B0C0B0A0C1019222F4553070F16310631011D               0111110002453000127700073810                                                                                     \x03'
]
Accession number not found
[
  '\x02D1UXP-300^AP807129^B1562                   202602190   14749-FATIMA00000000085003900010500306007852026900343001462026300106006310002200009000540039400134001360010200274000152\x03'
]
Accession number not found
[
  '\x02D20000020405040104204E645C3A1F1B1E201E1917161B2834444B576261544B4335281D160F0B060403010101010101010101000000010202010203071126456064563F2C1F18130F0B080604030302020202020101010101010000000000000000000000\x03'
]
Accession number not found
[
  '\x02D300030E28455D64605543393229231E18100E0E0D0B0A08070708090A0E131B232E3D576464646464060E143106310117               0084990002236000090100053620                                                                                     \x03'
]
Accession number not found
[
  '\x02D1UXP-300^AP807129^B1562                   202602190     14748-SARA1A000000111003850010800325008440028100332001914009520075008301001100008000920045000145001550010800307000214\x03'
]
Accession number not found
[
  '\x02D20001060D0E0A0302050E191A140E0A07080C111415192433414C5964645F594C3C2F2820140B080604030202010001010101000000020302020202040A182E485C645A4938281E18120E0B08060404030302020202020101010101010000000000000000\x03\x02D30001071D3A505E645C4C3E342B221B191818130E0C0A0807080909080A0A090C11151C28374C6464070F153105310118               0111000001055000083300092120                                                                                     \x03'
]
Accession number not found
[
  '\x02D1UXP-300^AP807129^B1562                   20260219014750-FELIZARDA1A000000103002820007820239208480027700326001074021700056007270002200006000750047100152002211012700432100134\x03'
]
Accession number not found
[
  '\x02D20001050C0E0A03020F304B4A331A0D0C0E0F111212141F2E3E4D60645F5A544E4130231C160D070503020101010101010101000000020303030304050A193150646353413229221A140F0A08060504030303020201010101010101010100000000000000\x03\x02D300040D233E4D586460514039373027232123211C191C1C19141416171C1C1A2027333B4456646464070F14310431011A               0103100002235000057700074980                                                                                     \x03'
]
Accession number not found
[
  '\x02D1UXP-300^AP807129^B1562                   202602190    14751-GRACA00000000111002860007120223207802024820318001312009020045008651001000005000960053900190101110009100173000122\x03'
]
Accession number not found
[
  '\x02D200000204050403040C181C170D08080A0D0D0D0F141D2C3D505A606461544B4335251A140E0804030201010101010001010100000002020203060E1C3347556164615546332319130F0B0A08050403030302020101010101000000000000000000000000\x03\x02D300020920425E645C523D28211C16110E0906070A0C0A090C0E12141B2A3A49596464646464646464060D123104310113               0111070000999000050000096080                                                                                     \x03'
]
Accession number not found
[
  '\x02D1UXP-300^AP807129^B1562                   202602190  14752-CECILIA00000000053003700009200294007952024920313004381025700092006510001400005000340046500156001050008920169000391\x03'
]
Accession number not found
[
  '\x02D20001050C0E0A03031542625D3F2B25262623202325252F455760645F54494338281B110C08040303020100010101000001000000010303020203060D1A2E445A6461503D2C2017120D0A0705040303020302020202010101010101000000000000000000\x03'
]
Accession number not found
[
  '\x02D30003113356646356402E251D16110E0A080605050404050505050608090C10161C2127333F495664060E123105310118               0053120001362000048800034620                                                                                     \x03'
]
Accession number not found
[
  '\x02D1UXP-300^AP807129^B1562                   202602190    14753-ELIAS00000000069005040015100440008730030000343002770040000106004940002800007000340039500120001170010100233000280\x03'
]
Accession number not found
[
  '\x02D200010307080501031C50645A3B21141314141312111217253235333333312A20170F0A070603020101000000000000000000000000010201010101020308162E4D6463543F2C201913100C08060503030203030202020202020101010101010100000000\x03\x02D30001091F3D58646156493B2E211714130F0A080705040404040403020202030203050607090F1618060F15310531011D               0068930002760000073100034020                                                                                     \x03'
]
Accession number not found
[
  '\x02D1UXP-300^AP807129^B1562                   202602190 14754-ZACARIAS00000000047003310010700313009460032300342001880017820043007790000800002000370043700123001060009900199000190\x03'
]
Accession number not found
[
  '\x02D20001050C0D09030314323B3423140F0F0F0F101419212F44545C626460544C4231241D16100A0704020101010100000001010000000102010101010203050B172B465B645B4A35241C1813100C0907050302020202020202020101010101010100000000\x03'
]
Accession number not found
[
  '\x02D30001081C385161645B4E3B291C140E0B09090705040404050402030301010102050707070A0E1113060E12310531011D               0046580000837000020200036190                                                                                     \x03'
]
Accession number not found
[
  '\x02D1UXP-300^AP807129^B1562                   202602190     14755-SELV1A000000093003550006420243206852018020263204364012320039008381001100004000780048100205101510009800258000434\x03'
]
Accession number not found
[
  '\x02D200010307080704040B181F1C120A09080808080A0D17283F51585D646356483A2A1F18110A050403020101010101010101010000010407080A1120344A5D645D4C3A291D150F0B0907050403030202020101010101010000000000000000000000000000\x03'
]
Accession number not found
[
  '\x02D300020F2E4F5F645C4B40372F27211D1A161415161617181C232A2F36435664646464646464646464060F143104310113               0092740001144000036300077670                                                                                     \x03'
]
Accession number not found
[
  '\x02D1UXP-300^AP807129^B1562                   202602190    14756-ELISA1A0013000730021220059201822085800278003240007340117200430084010009000030006100494001631*0000*0000*0000*0000\x03'
]
Accession number not found
[
  '\x02D200010710120D06060A121A1C160E0A0B0C0D0E131A263A4C5862645F534134291E140C070503020201010101010100010000000000020303030303050B162B455A64564330241E1A16130F0B080604030202020202010101010101000000000000000000\x03\x02D300050F253D494C555A586464504E4C3F362E29292727251D1D1D2229201B27313138495A64646464060E123104310119               0072570000854000031400060890                                                                                     \x03'
]
Accession number not found
[
  '\x02D1UXP-300^AP807129^B1562                   202602190   14757.GLORIA00000000082002172006220192208850028600323002650014720125007280001200010000600051000168100842008220143000220\x03'
]
Accession number not found
[
  '\x02D20000020405050513282F291B1213191C1B16100D0D0F142334425262645C564C3E2E201A130E090603020101010101010101000000030304040507090D1623364A5E645E4A34261C1714110F0C0A07050403020202020101010101010100000000000000\x03'
]
Accession number not found
[
  '\x02D3000417406264523E2B1D140F0D0B0807070707060606060708090807080B0D0E0E0F1011141A1D1D040C143104310116               0082000001205000102500059700                                                                                     \x03'
]
Accession number not found
[
  '\x02D1UXP-300^AP807129^B1562                   202602190  14758-ARMINDO00000000085003880011100330008510028600336003390020500142006530001700012000560041500131001000009200169000310\x03'
]
Accession number not found
[
  '\x02D20001030708060203122F43402E212022221E1B1A19182034465763645C524A3F2F201A150D0706050302020101000101010100000001020201010202061023405A64594532251C16120E0A07050403030202020202020201010101010000000000000000\x03'
]
Accession number not found
[
  '\x02D300020D294A5F64594736271E150E0C0B0A0705040302020303030202030202030406090B0F151D25060E15310631011C               0085470001743000120700055970                                                                                     \x03'
]
Accession number not found
[
  '\x02D1UXP-300^AP807129^B1562                   202602190  14759-ALBERTO1A000000077004100011100341008320027100326005624016520078007570001300006000580043300137000960008520128200484\x03'
]
Accession number not found
[
  '\x02D20001040A0C0904030E24363727150D0E13151412111318212F41576364625E584937291C140F0C0704030201010101010101000000020302020202050B19314E6164574432251C15100C0906050403030303020202020201010101010000000000000000\x03\x02D300020D2B51645F4F3F322419100B0908060403030303030202020303030303040608090C10172129070E143105310118               0076520001271000060100057800                                                                                     \x03'
]
Accession number not found
[
  '\x02D1UXP-300^AP807129^B1562                   202602190    14761-PINTO00000000043004150009400293007062022720321001950014320117007400000600005000320041100163101610010400289000200\x03'
]
Accession number not found
[
  '\x02D2000103070805010415262A27221815181B1C1A140E0B090A111D2C404F596264645E5046382B2319130D080603030302000000000002030203060E213D59645C4834231A14100C0907050403030202020101010101000000000000000000000000000000\x03'
]
Accession number not found
[
  '\x02D300010B223E56645F4D3F362C221D18171A1A15110F111617171B2230455B64646464646464646464060E173105310115               0042640000615000050300031460                                                                                     \x03'
]
Accession number not found
[
  '\x02D1UXP-300^AP807129^B1562                   202602190  14762-ALBERTO00000000072004020010900333008280027100327005571018120077007420001300006000530043600137000970008820137000491\x03'
]
Accession number not found
[
  '\x02D2000104090B0904020B25363424171110111212111010121824374B5C64625B564C3D2E2017100B0705030202010100010101000000020302020202050B1A33506364564331241C15100C0806050403030202020202020101010101010100000000000000\x03\x02D300020E2D506364564233281B110C0A080605040404030302020203020202030506080A0D12182129070F153105310119               0072330001303000055400053760                                                                                     \x03'
]
Accession number not found
[
  '\x02D1UXP-300^AP807129^B1562                   202602190     14763-EDNA00000000068004300013100381008860030500344002120025900079006620001800005000450046700144001120009900220000210\x03'
]
Accession number not found
[
  '\x02D2000104090B090402113F64624528151012151613100F10141F334C606362625C50493F2E241B130D0704040302020202010100000001020202010203070F1E354E63645B4937271D1713100D0A0805040303030302020202020201010101010000000000\x03'
]
Accession number not found
[
  '\x02D30102091E39506464503D30261E17110D0907070807060504040404040506080A0D11182025293544070F16310731011A               0067510001761000053700044530                                                                                     \x03'
]
Accession number not found
[
  '\x02D1UXP-300^AP807129^B1562                   202602190    14764-MAURA00000000102003820011100328008590029100338002800014520046008091001500005000820044900141001070009600193000270\x03'
]
Accession number not found
[
  '\x02D200000103040402020C222F2C1C0E0A0A0B0A0A09090F1B2A3D4D5963645F594D41342920140C080704020202010101010101000000020202020202030813253F59645D4D3A291D1814100C0A070504030302020202020201010101010101000000000000\x03'
]
Accession number not found
[
  '\x02D30002091F3D57645E4E3E30241A14110C0807060404050404040405060606060506080B1118232E36060E143104310119               0102310001479000046900082830                                                                                     \x03'
]
Accession number not found
[
  '\x02D1UXP-300^AP807129^B1562                   202602190     14773-DIMA1A0014002001023220066201932083200284003420006140084200450087110017000090017400520001731*0000*0000*0000*0000\x03'
]
Accession number not found
[
  '\x02D20001030608070404071016150F0B09090B0C0C0D1016213040505D64645E554A3C2D211A130D0806040202020201010101020000000102020303050B17293E5060645C4C3B2C211B140F0B09070504030202020101010101010101000000000000000000\x03'
]
Accession number not found
[
  '\x02D30004142A4662645A564A362A282A261C100C16181010141210182022202636486264646464646464060E133104310117               0199770001680000090000173970                                                                                     \x03'
]
Accession number not found
[
  '\x02D1UXP-300^AP807129^B1562                   202602190    14774-MARIA1A000000269105921018210528108920030700345001674009220021008871002500006002380046400137002081012800430000214\x03'
]
Accession number not found
[
  '\x02D20001060F110C0605060D1718130D090706060708080B121C2A3C4C5C6364615C55483D31261C140F0A07050403020202020200000001020202020203040A1629425A645E4D3B2D221B15100D0A0705040403030303030302020202020101010101000000\x03'
]
Accession number not found
[
  '\x02D301020B2642525D60645F4E433C342E27201E22221D1C18121215110F11161512141A202530415764071014310431011B               0268560002475000056500238160                                                                                     \x03'
]
Accession number not found
[
  '\x02D1UXP-300^AP807129^B1562                   202602190   14772-TERESA00000000103003920010800327008340027600330001570015920103007380001600011000760048200156001190009900228000162\x03'
]
Accession number not found
[
  '\x02D200010205060603031025302C1D100C0D1115161514141C28344759636460524234261D170F090604020201010100010100010000000102020102030710223C5361645848372A2019120D0A07060403030303020202020201010101010100000000000000\x03'
]
Accession number not found
[
  '\x02D30001081C3B5764645B48382E221A15120E0B08060808050507070607090C0F151E2A3D5564646464060E153106310117               0102930001638000106100075940                                                                                     \x03'
]
Accession number not found
[
  '\x02D1UXP-300^AP807129^B1562                   202602190  14766-SALMINA00000000089003280009600285008690029300337002170026600027007070002400002000630043400136001320010800283000230\x03'
]
Accession number not found
[
  '\x02D20001030709070203133554573E20100B090909090B111D2D3B4B5F64615B5342332A1E150E0906030202010101000001010100000002030202020203060F203A54645E4E3A2A1F1914110C09060503030202020202020201010101010100000000000000\x03\x02D300020D27455D645F534B4132272019150F0C0C0C0907070707080706060607080A0C0F12151D2C3D060F13310531011D               0089380002367000024000063310                                                                                     \x03\x02D1UXP-300^AP807129^B1562                   202602190  14771-NURBIBI1A000000163103680011700349009480031800335003994010220019008791001700003001430058510186101370010600272000424\x03\x02D20001040A0B0803040A121615100B08070707080A0F182B41535F64645F5243372A1D130C080604020202020202010202020100000104050403020203050B172E4A61645848382C241F1C1A1613100C090706050404030303020202020201010101010101\x03\x02D300020D2643596462564A3F32251B1817130E0B0908080707050404050505040404050809090B0E11060F12310731011D               0162910001663000031000143180                                                                                     \x03'
]
Accession number not found
[
  '\x02D1UXP-300^AP807129^B1562                   202602190  144769-KAMILA00000000168104290011100340007932025920326002490025000077006730004200013001130042800141000872008320131000210\x03'
]
Accession number not found
[
  '\x02D2000001030404020C2F545943291C1A1B1611100F0F111C2B3D4D5B64645B534A3E33271A110C090705030202020102010102000000010101010203071229475F645B49372A1F17100B080604030302020203020202010101010100000000000000000000\x03\x02D30003123459645846342418110E0B090705050404030303030303030406080B0D111A253448616464060E143104310118               0167990004200000129400113050                                                                                     \x03'
]
Accession number not found
[
  '\x02D1UXP-300^AP807129^B1562                   20260219014768-ZANBUZANA1A000000268103570009400295008260026300319005924003920063008981001000017002410052900183101160009800232000584\x03'
]
Accession number not found
[
  '\x02D20001040A0B08040405070A0A0908090C0E0E0E1117233247586264605445382C20160F0A07050403020202020202020202020000010406060506080C162A435964625547382C221B15100C09070504040303030202020201010101010000000000000000\x03\x02D300020F2E5062645B49362A241F17120F0D0C0B0A090707080A0A0A0B0C0D0E101215181D252C353E060C123106310118               0267910001045000168800240580                                                                                     \x03'
]
Accession number not found
Started server on 0.0.0.0 and 6010
[
  '\x02D1UXP-300^AP807129^B1562                   202602190    14767-DINIS1A000000103004490012700386008600028300329002014014820079007730001500008000800042200133001360011100313000224\x03'
]
Accession number not found
[
  '\x02D2000103070907030410252D28180E0C0D0F111314141A293545525A63645B514130251B110C0703020201010101010101010100000002020201010203060F213C5664604F3B291D1713100B09070504030203020202020202010101010101000000000000\x03'
]
Accession number not found
[
  '\x02D300010A1F3B5363645D54493C31271F1913110F0B090708080A0A0704060A0A0A0D0F111928353F48060E14310631011C               0102870001524000081400079490                                                                                     \x03'
]
Accession number not found
[
  '\x02D1UXP-300^AP807129^B1562                   20260219014770-ARGENTINA00000000079004340010300314007242023720328004061017320100007270001400008000570045000173101200009900227000401\x03'
]
Accession number not found
[
  '\x02D200010206070501061F373623140D0B0C0F1216171516212F3B4E606461584B4133231A150E07040302020101000101010000000001030403040710203852636456412E2018130F0B09070505040302020202010101010101000000000000000000000000\x03\x02D30001081D3B566463594B3C2F251D16110D0B0A090908080B0E11151B222F41536464646464646464060E153105310115               0079270001367000079000057700                                                                                     \x03\x02D1UXP-300^AP807129^B1562                   202602190    14776-MARIA1A1112000540039340083002894073540211402874031140448000790047300024000040002600846403324*0000*0000*0000*0000\x03\x02D20001060E110C0405204D645D3E22191613121315171A2532373A3C392E221B150E080605030100000101000000010101000000000109111822303F4D53565A6064645A4A392B221B1613100D0A0807060504030202020101010101010100000000000000\x03\x02D300010B23405560645C504947403934363B3D3D414851586264646464646464646464646464646464061115310431010F               0054210002419000042700025750                                                                                     \x03'
]
Accession number not found
[
  '\x02D1UXP-300^AP807129^B1562                   202602190   0378-CESAR.A00000000133003910010800306007832027600353002650009520073008321001300010001100052800192101140009000185000240\x03'
]
Accession number not found
[
  '\x02D2000002050605030307111A1C19110D0D0E0F11151B263647545B5F63645E53473D30231B140F0A060504030201010101010100000002030304070C17253A5062645B4B39291E1814110E0B09070504030303020201010101010101000000000000000000\x03\x02D3000314345363645B49362B251D15110E0D0B090808090C0F1213161B212A38445061646464646464060E143104310114               0132680001264000097100110330                                                                                     \x03'
]
Accession number not found
[
  '\x02D1UXP-300^AP807129^B1562                   202602190   SAMPLE-FB-1112000000089404410013140353008000029740371402334001140029409604000140003400854033520098201040008920165000214\x03'
]
Accession number not found
[
  '\x02D20002081216120B0906050505060706050303020202020202020204070A0F151E2E3D4D59606264625A4D454138312A231D18000000010101010202050A162B475D64563E28180F0906050303030303020302020202020101010000000000000000000000\x03\x02D30005183958645E4E3B2E251A140E090808060405060606050506070909090C111618202C343F5564090C193104310119               0089330000098000025800085770                                                                                     \x03'
]
Accession number not found
[
  '\x02D1UXP-300^AP807129^B1562                   202602190   SAMPLE-FB-1212000000076402062006040169208200029140355403194001340027409604000140002400734035520102200970008520138000274\x03'
]
Accession number not found
[
  '\x02D200020C1B211A0F0A0706060707070604030202030201010102020306090D1523313D4F595D6064635C554B443F392F281F1D000000020302020202040913264159645E4A3421150D08050403020202010101010101010100000000000000000000000000\x03\x02D30004183A58645E4E3D2E20160F0C0B08060504040302020202020202010203030406070A0E12171A090C1A310531011D               0075850000099000020500072810                                                                                     \x03'
]
Accession number not found
[
  '\x02D1UXP-300^AP807129^B1562                   202602190  14785-HILARIO000013000152033000092002770083900279003320002240705100220027320011000000000400507001641*0000*0000*0000*0000\x03'
]
Accession number not found
[
  '\x02D20000010303030310385E64512D130602020102020305080A0B0D0D0C0C0D0D0B080705050302010001010000010000000100000000010202030405091221384F60645A4A3A2C201915110D0A070504030303020202020201010101010000000000000000\x03\x02D30004133A555560644D3A2A261F1F232A2A323E3E3E414D5549415560646464646464646464646464040F15310431010E               0014930001058000003300004020                                                                                     \x03'
]
Accession number not found
[
  '\x02D1UXP-300^AP807129^B1562                   202602190      14786-ANA1A000000099003950007620251206352019220303206004014520107007480001400011000740049300229101350009600226000574\x03'
]
Accession number not found
[
  '\x02D2000104090B0905050D1F2E2C1D1515171717161619273B4E5F64645F514234271B120C07040302020101010101010100010100000105080910213D576460554231261D16100C090705040303030202010101010100000000000000000000000000000000\x03\x02D300010820425B645E5246392D251F1A161310101212171E232A37495B646464646464646464646464060D133104310112               0098730001436000105900073780                                                                                     \x03'
]
Accession number not found
[
  '\x02D1UXP-300^AP807129^B1562                   202602190  14787-YALANDA00000000111003500010100303008660028900333002930012420071008051001400008000890045000137000970008420133000250\x03'
]
Accession number not found
[
  '\x02D200000204050503020A1C2C2A1B11101111100D0A0908080B14202D3C4C575F64625951483F352A1F16100C08060403020202000000010202010102030712263F566460523F2F231B15100C08060504030302020202020201010101010100000000000000\x03\x02D3000314375A64594938281F18100C0806040404040302020201020202020303040607080B11191F24070E16310631011C               0110900001376000078800089260                                                                                     \x03'
]
Accession number not found
[
  '\x02D1UXP-300^AP807129^B1562                   202602190     5241-ANITA1A000000057004750009400313006592019820300202534029000102006080001700006000340040100164101330010600294000274\x03'
]
Accession number not found
[
  '\x02D200020710130C030627566454301D1A1B1D1E1E1D1F27343D434D5554494035271F17110A0503020202010101010101000001000000020303050B1B365364604B36261A140E0A070604030303030202010101010100000000000000000000000000000000\x03\x02D3000106142D495C645B493D332B241E19141314121011181F252F4564646464646464646464646464060E133104310114               0056980001653000058100034640                                                                                     \x03'
]
Accession number not found
[
  '\x02D1UXP-300^AP807129^B1562                   20260219014788-FELISMINA1A000000125004270012100366008570028300331001614008620056008581001100007001070046600145001971012600428000204\x03'
]
Accession number not found
[
  '\x02D20001040809070303091315130F0C0B0B0B0C0A0807070B16263748586163645E4F443B2E1F150E0B08050201010101010101000000020303020202030814284259645D4E3C2F231C16110D09070504030303030202020201010101010100000000000000\x03'
]
Accession number not found
[
  '\x02D300010A1E354A596063645D4F423C3327211E1E1C1B1913121313111115181514161D28374B646464060E15310631011A               0124650001075000070000106900                                                                                     \x03'
]
Accession number not found
[
  '\x02D1UXP-300^AP807129^B1562                   202602190   14789-EUNICE00000000103003410010300310009090030200332001182007920065008561000800007000880046400137001620012700423000152\x03'
]
Accession number not found
[
  '\x02D2000103060705020208141C190E0B0D0F0F0C080706070E1B2D42535F6464615953493B30261C140E0A06040302010101000100000002020202010102040A162C485F645B4C3C2E231B16110D0A0705040303020202020201010101010101010100000000\x03\x02D30000030D26465F64615F544B40352F261D1D1C15101011100D0C0907080705090D0D0E14181E2E42060D15310731011D               0102840000814000067000088000                                                                                     \x03'
]
Accession number not found
[
  '\x02D1UXP-300^AP807129^B1562                   202602190    14790-ALICE000013000730030000063202062068720210203062022440214000650072100016000050005200412001631*0000*0000*0000*0000\x03'
]
Accession number not found
[
  '\x02D200000103040401041B414C4228130A0B0E100F0E0C0B0F1E2E3C4F616462625E4D3A2C22150F0C08050402010100010101000000000205050609132847616455402C1F18130E0A0705040303020202010101010100000000000000000000000000000000\x03\x02D300031333546463584D473B2D2623201E1D1A1615191C1C1F22272D323E5764646464646464646464060E153104310114               0072890001562000047500052520                                                                                     \x03\x02D1UXP-300^AP807129^B1562                   202602190   14791-ISABEL00000000104003360009700293008720028900331002310024700107006460002600011000670050100148001210010200236000240\x03\x02D2000002040504010727515844291816181B1C1B191A22303F4C5C64635B4C3E31261C120C0A0603020101010101010100010100000002030202020204091628425864605749392B2019140E0B080604030302020202020201010101010101000000000000\x03\x02D300010D29465B64635A4B3D2C1F1A15100D0B0A09060505050507060504030407090B0F17222F3E4B060E14310531011C               0103910002569000111300067090                                                                                     \x03\x02D1UXP-300^AP807129^B1562                   202602190   14793-ALMIRA1600000009200389001270038901000003260032600282000922*0000*000000080*0000*0000052000133001370010900305000310\x03\x02D200000205060504050A141A1A150E0C111B2737485B6264635F5D5B4E403B32271E160E08060503020101010201010101010100000103040302010101020308101F364B5C64625648392D231B15110C090605040303020203020202020202010101010101\x03\x02D30002081B37515E62645F4F3F332A231B14100E0D0A06050504040303030303030303030405060608060E0E310731011D               00922000008460*000000*000000                                                                                     \x03'
]
Accession number not found
[
  '\x02D1UXP-300^AP807129^B1562                   202602190      5238-JOSE00000000033002740009100263009600033200346002570061810117002652002000004000090051500154001110010200246000260\x03'
]
Accession number not found
[
  '\x02D20000010304030106295B644D2C10030204050505050505050505050607080B0D0E0E0E0E0E0D0A08070604030201010101000000000204030303030305081020344F63645A4B3C2E241C1714100D0B0A0706050403030202020201010101010101010000\x03\x02D300031031566459493B31281D1714100D0B0A090808070709090807060608080808090A0A0B0F1210060F1D310531011C               0033330002039000038600009080                                                                                     \x03'
]
Accession number not found
[
  '\x02D1UXP-300^AP807129^B1562                   202602190    5240-AMELIA1A000000056004130012100362008770029300334002314034300116005410001900006000310045700139001320011000317000254\x03'
]
Accession number not found
[
  '\x02D2000411272B1C060727576457381F16161616181A1E26333939393C3935302B2119140F0A070403020200000000000000010000000002030202010203060F213B526463554233271F17120D0A070504030303030202020202020101010101010000000000\x03\x02D300010718334F646354453D382D241E1713110F0D0C09070806040506050507090A0C111A1F25303A060E14310731011B               0055830001921000065000030120                                                                                     \x03'
]
Accession number not found
[
  '\x02D1UXP-300^AP807129^B1562                   202602190   5242-JULIETA00000000055003610010900321008890030200340002830044500048005070002400003000280044000128000980008920151000250\x03'
]
Accession number not found
[
  '\x02D200000102030200052357644D28110A0C0F0F11181E222425241F1C1A1713110D09060504030202010000000101000000000000000002020101010102040A18314E6364594432251D17130F0B070504030303020302020201010101010101000000000000\x03\x02D300010D2A4E6464523B2D241B120E0C0A06040404020101020202020201010202020304070A0C0F16060E11310531011D               0054820002448000026400027700                                                                                     \x03'
]
Accession number not found
[
  '\x02D1UXP-300^AP807129^B1562                   202602190  0380-AGREPINE00000000066003800014100373009820037110378102240032400102005740002100007000380046700145001450011700352000260\x03'
]
Accession number not found
[
  '\x02D2000104090B0802052556645637190D0E10101112100F0F11161F2B353E4041413D342F2619110C090603030201000000000000000002040302020202020409152840576464584737291F1813100E0C0A0807060504030303020202010101010101010101\x03\x02D300010718314D63645A565141332A251E17141211100D0B0A07050506060303040505050607090B0F060E16310631011D               0066270002138000067300038160                                                                                     \x03'
]
Accession number not found
[
  '\x02D1UXP-300^AP807129^B1562                   202602190      5243-INES00000000065004020012600378009400031300333001930048400096004202003100006000280046500127001060009600193000180\x03'
]
Accession number not found
[
  '\x02D20000010203020004225A6446240E0A0C0D0C0B0B0C0F161C1E1F201E1A16100D0906050402020101010000000000000000000000000101010101010203050D1B314B5D645C4A392C211A15100C0906040403030303020202020201010101010101010000\x03\x02D300020F2E5263645C4C3B2B1F17120F0C09070705040505050504040402020405050607090B0F1417060E14310431011D               0065130003146000062400027430                                                                                     \x03'
]
Accession number not found
[
  '\x02D1UXP-300^AP807129^B1562                   202602190  5244-EZEQUIEL00000000066004520013700397008780030300345004571021800061007210001400004000480045800136000852007820098200361\x03'
]
Accession number not found
[
  '\x02D2000003060706020720414839211311141516161B263342555F6462584B3E31271D130C06050302010100010101010000000000000001020101010203060E1D344E6164594735271E17130F0B080605030303030202020202020101010101010000000000\x03\x02D3000213375B64513A2A1F160F0A08060403030302020201010101010102020203040607080B0E1112060E12310531011A               0066450001439000040300048030                                                                                     \x03'
]
Accession number not found
[
  '\x02D1UXP-300^AP807129^B1562                   20260219014797.MINELIA.S1A000000064004320013100378008750030300347002274020600047007470001300003000480043800131001510011400340000264\x03'
]
Accession number not found
[
  '\x02D200020C1B1F160B0C132A434432211312191A1B222A3748555C6364605C5646362D251C160F0906040302010101000101010100000002030202020202040C1B35526461544130241C16120E0A070504030303030202020202020101010101000000000000\x03\x02D300030F27445762645A504A40362A201B1714130F0E0D0D0C0B0805040606060606090D10141A293A060F12310531011D               0063750001318000030100047560                                                                                     \x03'
]
Accession number not found
[
  '\x02D1UXP-300^AP807129^B1562                   202602190  14801-KAYLANE1600000004800435001170034700798202690033700352005871*0000*000000280*0000*0000038300128001010009000161000320\x03'
]
Accession number not found
[
  '\x02D2000001020303010B345E644D2E160B0C0E0F1013151616151311100E0A090806050202020100010101010000000000000000000000010202020203050D1F3A56645E4933241B14110D090604030303020202020201010101010101000000000000000000\x03\x02D3000311305060645D4C3A2C1D14110D0A0806060606050403040505050606070A0D131A1F2C3E5264060E0E3104310118               00480800028180*000000*000000                                                                                     \x03'
]
Accession number not found
[
  '\x02D1UXP-300^AP807129^B1562                   202602190    5245-ISILDA00000000058004110012100363008830029400333002570058010051003692003400003000210043300124000950008920150000230\x03'
]
Accession number not found
[
  '\x02D20000010304030104215164583214090809090808090B0D11141617171614110D0A0805030101010100000000000000000000000000010201010101020409162E4B6264584230241C17130E09060504030302020202020202010101010101000000000000\x03'
]
Accession number not found
[
  '\x02D300020B284C6264553F312519100D0D0A07050404040302020202010102020302020406080C101417060F13310531011B               0058430003364000029600021830                                                                                     \x03'
]
Accession number not found
[
  '\x02D1UXP-300^AP807129^B1562                   202602190    5237-RAFAEL00000000056004370011900359008220027200331001720040500129004660002300007000260045700142001090009400198000162\x03'
]
Accession number not found
[
  '\x02D20000010304040106295A644D2C171413131312100F1218232A2B2B2C2C292119100B0A08050302010101010000010100000000000001010101010307101F344C6064584433261D16110D0906040403020203020202020101010101000000000000000000\x03\x02D300020C24455E645A442F27221914120D090706060706030303040407090D13191D26384D63646464060E153104310118               0055890002268000072200025990                                                                                     \x03'
]
Accession number not found
[
  '\x02D1UXP-300^AP807129^B1562                   202602190     0381-MARIA00000000059004530012600384008480027800328003110050400054004422003000003000260045700142001010008920156000280\x03'
]
Accession number not found
[
  '\x02D200000102030200062A596456391B0B0A0B0B0C0D0F11181F212223211D1C18110B0806050302010101000000010100000000000000010201010102040A172A445A645C4B392B211A14100B08060403030303020202020202010101010101000000000000\x03\x02D300020F2B4E6364564232271D150E0A09070605040303040403030403030506080A0D1117222E3A45060F133105310119               0059130002974000031900026200                                                                                     \x03'
]
Accession number not found
[
  '\x02D1UXP-300^AP807129^B1562                   202602190    5249-SAMIRA1A000000053004970012800404008130025820317002364045900080004610002400004000250042000132001190010200253000244\x03'
]
Accession number not found
[
  '\x02D200020812140C02041F51645B3C1E11100F0D0C0D1013151A1F222222211C1B17110C09080704030201010100000101000001000000010202010203050D1C35516464503D2C211A130F0A0705040303030303030202020201010101000000000000000000\x03\x02D300020C25485F645F5442322821191412110F0D0C0A0908060506080A0B0D1115171D2C3E53646464060E133106310119               0053070002433000042400024500                                                                                     \x03'
]
Accession number not found
[
  '\x02D1UXP-300^AP807129^B1562                   202602190 5252-AGOSTINHO15000002256302800009240228208140032940404402834*0000*0000*0000*0000*0000*0000055310207101390010000260000284\x03'
]
Accession number not found
[
  '\x02D200000104070A0D0F1112151B22282F383F46515A60636464615B554F473F3934302D2C2C2B29292A2A29292928272625232200000104060707090D142134485A64625545362A211B14100C0A080605040303020202010101010101010100000101000000\x03\x02D3000415375462645A483C332A201C19151312111314141515161616181D23282E343A414D5D6464640404043104310115               2256330*000000*000000*000000                                                                                     \x03'
]
Accession number not found
[
  '\x02D1UXP-300^AP807129^B1562                   202602190     5251-TELMA00000000039003790011000328008650029000335003270056410048003882002200002000150040000118001020009100164000300\x03'
]
Accession number not found
[
  '\x02D20000010203020106285A644B2C1509080808080B12181B1B191813100F0C090605040302020101000000010000000000000100000001020101010102040B1B3451645F4C35261C17130F0B07050302020202020202020202010101010100000000000000\x03'
]
Accession number not found
[
  '\x02D300010D2C51645E514234271D150F0C090706050402020203030202020202020304050607090D131A060E12310531011D               0039380002200000018700015510                                                                                     \x03'
]
Accession number not found
[
  '\x02D1UXP-300^AP807129^B1562                   202602190      5248-ROSA00000000044004810012900400008320026800323002680041200094004940001800004000220046000148000990008820138000230\x03'
]
Accession number not found
[
  '\x02D200010203050401041E536456382017141212110F0C0D13191E26313433302A241E16110B0604040302020100010100000100000000010101010102050E1F354C5E645B49382A2017120E0A07060403030303030302020201010101010100000000000000\x03\x02D300010B284D64645849392B1E140D09070606050403030302010203040505070A0D141D28354B6464060F153104310118               0043550001813000041400021280                                                                                     \x03\x02D1UXP-300^AP807129^B1562                   202602190 5248-AGOSTINHO15000002232302840009240231208130032440398402884*0000*0000*0000*0000*0000*0000056910201101731010400301000304\x03\x02D200000104070A0D0F1011151B21272D343D454E555C616463605C5650463D3835312E2B2A292828282928272727272626242300000104070607090D151F33495C64635846352A211A15100C0A070604030303020202010101010101010100000001000000\x03\x02D30004133455645F51443C342B26221C171615161412111316181718191B22282C343F49515A6464640404043105310116               2232330*000000*000000*000000                                                                                     \x03\x02D1UXP-300^AP807129^B1562                   202602190     5256-MARIA00000000067004790011600373007792024220311003930037600056005680002500004000380046400162100960009500191000371\x03\x02D2000102060705010420526459371B1211141616181E262E313334332F2C29231D16100C0805040302010101010000000000000000000203020203060E1F39546463584432251C16120E0A0706050404030303020202020101010100000000000000000000\x03\x02D300010A22425C6458422F221913100D0B0908070607060606060606070A0D131A21293A4E5E646464060F123105310118               0066810002519000037500037870                                                                                     \x03'
]
Accession number not found
[
  '\x02D1UXP-300^AP807129^B1562                   202602190     14798-AIDA00000000098002830007920251208870027900315004771034500229104262003400022000420047500154001030008820153000421\x03'
]
Accession number not found
[
  '\x02D2000002050705020C335E644B2B1A1A1D20201F1B151312141B20242B2E2D2C2B251D18130C0706050302010101000000000000000103040302020204091428415B645E4D3C2E241D17130F0B080605040404030303030202010101010101010100000000\x03\x02D30002103053645F4F3F31231B150F0B09070504040303020202020101010202020305070A0D0F1217060D17310631011B               0097870003381000224400041620                                                                                     \x03'
]
Accession number not found
[
  '\x02D1UXP-300^AP807129^B1562                   202602190  14799-EULALIA1A000000146003540010300315008900029100327004054026900110006210003900016000910051800159000892008220114200334\x03'
]
Accession number not found
[
  '\x02D200000206070602041D4C645C381C111113151714100E0F101725333F4C50504F4C433A32291F16110B070605040302010101000000020202010202040914264156646358483A2D251D17120E0A0806050404030302020202020101010101010100000000\x03\x02D300020E2B4F645F4B392B1E130E0A0706060404030201010101010202020203040506070B0E11161B060E173106310119               0145640003927000160600090310                                                                                     \x03'
]
Accession number not found
[
  '\x02D1UXP-300^AP807129^B1562                   202602190  14802-FELICIA000012001300038900105003160081200270003320003240204000950070100027000120009100515001761*0000*0000*0000*0000\x03'
]
Accession number not found
[
  '\x02D20000010304040108284C4E341B0D0D131516161515182231404F5B6463594C4136281F17100A0806040201010101010101010000000103030405070D1A30485B6461524335281E18130E0B09070504030303020202020201010101010100000000000000\x03\x02D300081926323A3F434B58534B4F5C6460606064646464646464646464646464646464646464646464060D143104310110               0130290002652000123500091420                                                                                     \x03'
]
Accession number not found
[
  '\x02D1UXP-300^AP807129^B1562                   202602190    14803-LAURA1A000000091004330011300346007992026100327003334020600033007610001900003000690041200136001250010700281000364\x03'
]
Accession number not found
[
  '\x02D2000103080A080306203D433621110B09080908090C1323374A5D64635D54504736292018130A040302010101010100000001000000020302020203071024415B645B4735271E16110C090605030303030202020202020101010101000000000000000000\x03\x02D30001071B3B576462574B3D32292019140F0C0D0C0A090907060605050707080B12192333455A6464060E13310531011A               0090530001875000030000068780                                                                                     \x03'
]
Accession number not found
[
  '\x02D1UXP-300^AP807129^B1562                   202602190    14804-TANIA00000000042003950010500325008230026600323001820029400056006500001200002000280050600171101480010800320000200\x03'
]
Accession number not found
[
  '\x02D2000104090A0701042057644E331B1515120E08070E162133424F5758564F3F2E241B16100C080504020100000000010000000000000203030304060C17293E5361645848392A2019130F0C09070605040303020202020101010101010100000000000000\x03'
]
Accession number not found
[
  '\x02D30002091F3F5A64635C4A38323029211E1A14121210101312121416181C222A334158646464646464060E133104310116               0041960001235000023500027260                                                                                     \x03'
]
Accession number not found
[
  '\x02D1UXP-300^AP807129^B1562                   202602190  14805-FLORIDA1A0012000530054100118003880071720218203042006440311000570063200016000030003400411001520*0000*0000*0000*0000\x03'
]
Accession number not found
[
  '\x02D200030E1F241808072358644D331F1210161D2127364A52514F4F4C3D2F251D15100B0804030101010000010101010000000100000001010202040A1A36556462503D2C1F17110C0806050404030303030202020101010100000000000000000000000000\x03\x02D3000308132A405964564E56534E48453D3A38322A2A2C2C323D4B6464646464646464646464646464070F123104310114               0052690001648000030200033190                                                                                     \x03\x02D1UXP-300^AP807129^B1562                   202602190    14806-ALICE00000000095004320009500305007062022020311002100027600052006720002600005000640041200156001340010300269000220\x03\x02D200010307080601072F61643F1E100E0F0E0A09090A1220313A434E58574E453B33261D17100C08050403020101010101010100000002030203050E22405C645C4B39291D150F0A0806050403030302020201010101010000000000000000000000000000\x03\x02D3000107153155645D52493D30231E1D181412110F0F0D0D0F13151E2A374C64646464646464646464060E143105310114               0094610002622000049400063450                                                                                     \x03'
]
Accession number not found
Started server on 0.0.0.0 and 6010
[
  '\x02D1UXP-300^AP807129^B1562                   202602190     14808-JOAO1A000000166103470009700292008410028000332004134013020071007990002200012001320053600178101711011300345000474\x03'
]
Accession number not found
[
  '\x02D200030D1D21160909101D242218100C0C0E1012131416213141505B64645E594C3B31271D160E0A06040403020202020101010000010507060404050A16294259646255463629201B17120E0B090605040403030202020201010101010101000000000000\x03\x02D300030E27465B64645C51463C332A231F1A1817140F0F0E0C0A0A0A0A0A0C1013151C29353B475C64060E14310631011A               0165640002158000117900132270                                                                                     \x03'
]
Accession number not found
[
  '\x02D1UXP-300^AP807129^B1562                   202602190          AWADE00000000076004870013200385007912027100343003050026700094006390002000007000490037200120001090009300182000280\x03'
]
Accession number not found
[
  '\x02D200000205060602041E51645A37180C0F1B222428333E4552595A564E473D2E2118110D090705040302010000010101010000000000010201010102050D203C59645C432D1F17130F0A070504030303020202020202010101010100000000000000000000\x03\x02D3000210315363645E4E3A2B211813100B0808080605050504040404050607080A10161D293D566464060E133105310119               0076290002029000071400048860                                                                                     \x03\x02D1UXP-300^AP807129^B1562                   202602190        ROSALIA00000000059004100012100374009120029500324002020041400037005490002400002000330044400124001030008720150000170\x03\x02D200000103030301062B5C6447240F090A0C0D10141C252A2E2F2B28231D1A130E0C07050302020101010000000000000000000000000101010101010103060F213C576462503B2B201916120D0A0705030202020303020202010102010101010100000000\x03\x02D30002103459645B4C3B2F251B150F0B0A0805030302030302020203030203040303030507080A0F15060E113104310119               0058980002443000021800032370                                                                                     \x03'
]
Accession number not found
[ 'H|\\^&|||XP-300^00-14^^^^B1562^AP807129||||||||E1394-97' ]
Accession number not found
[
  'P|1\rO|1||^^  5260-UIRGINIA^M|^^^^WBC\\^^^^RBC\\^^^^HGB\\^^^^HCT\\^^^^MCV\\^^^^MCH\\^^^^MCHC\\^^^^PLT\\^^^^LYM%\\^^^^MXD%\\^^^^NEUT%\\^^^^LYM#\\^^^^MXD#\\^^^^NEUT#\\^^^^RDW-SD\\^^^^RDW-CV\\^^^^PDW\\^^^^MPV\\^^^^P-LCR\\^^^^PCT|||||||N||||||||||||||F\rR|1|^^^^WBC^1|  5.1|10*3/uL||N||||               ||20260219101401\rR|2|^^^^RBC^1| 4.85|10*6/uL||N||||               ||20260219101401\rR|3|^^^^HGB^1| 11.5|g/dL||N||||               ||20260219101401\rR|4|^^^^HCT^1| 37.2|%||N||||               ||20260219101401\rR|5|^^^^MCV^1| 76.7|fL||L||||               ||20260219101401\rR|6|^^^^MCH^1| 23.7|pg||L||||               ||20260219101401\rR|7|^^^^MCHC^1| 30.9|g/dL||L||||               ||20260219101401\rR|8|^^^^PLT^1|  226|10*3/uL||W||||               ||20260219101401\rR|9|^^^^LYM%^1| 36.0|%||N||||               ||20260219101401\rR|10|^^^^MXD%^1|---.-|%||A||||               ||20260219101401\rR|11|^^^^NEUT%^1|---.-|%||A||||               ||20260219101401\rR|12|^^^^LYM#^1|  1.8|10*3/uL||N||||               ||20260219101401\rR|13|^^^^MXD#^1|---.-|10*3/uL||A||||               ||20260219101401\rR|14|^^^^NEUT#^1|---.-|10*3/uL||A||||               ||20260219101401\rR|15|^^^^RDW-SD^1| 41.7|fL||N||||               ||20260219101401\rR|16|^^^^RDW-CV^1| 14.4|%||N||||               ||20260219101401\rR|17|^^^^PDW^1| 15.9|fL||N||||               ||20260219101401\rR|18|^^^^MPV^1| 10.8|fL||N||||               ||20260219101401\rR|19|^^^^P-LCR^1| 30.5|%||N||||               ||20260219101401\rR|20|^^^^PCT^1| 0.24|%||W||||               ||20260219101401\rL|1|N'
]
Accession number not found
[ 'H|\\^&|||XP-300^00-14^^^^B1562^AP807129||||||||E1394-97' ]
Accession number not found
[ 'P|1' ]
Accession number not found
[
  'O|1||^^5259-ERMENEGILD^M|^^^^WBC\\^^^^RBC\\^^^^HGB\\^^^^HCT\\^^^^MCV\\^^^^MCH\\^^^^MCHC\\^^^^PLT\\^^^^LYM%\\^^^^MXD%\\^^^^NEUT%\\^^^^LYM#\\^^^^MXD#\\^^^^NEUT#\\^^^^RDW-SD\\^^^^RDW-CV\\^^^^PDW\\^^^^MPV\\^^^^P-LCR\\^^^^PCT|||||||N||||||||||||||F\rR|1|^^^^WBC^1|  6.6|10*3/uL||N||||               ||20260219101526\rR|2|^^^^RBC^1| 2.28|10*6/uL||L||||               ||20260219101526\rR|3|^^^^HGB^1|  6.6|g/dL||L||||               ||20260219101526\rR|4|^^^^HCT^1| 20.7|%||L||||               ||20260219101526\rR|5|^^^^MCV^1| 90.8|fL||N||||               ||20260219101526\rR|6|^^^^MCH^1| 28.9|pg||N||||               ||20260219101526\rR|7|^^^^MCHC^1| 31.9|g/dL||N||||               ||20260219101526\rR|8|^^^^PLT^1|  114|10*3/uL||W||||               ||20260219101526\rR|9|^^^^LYM%^1| 28.8|%||N||||               ||20260219101526\rR|10|^^^^MXD%^1| 12.0|%||N||||               ||20260219101526\rR|11|^^^^NEUT%^1| 59.2|%||N||||               ||20260219101526\rR|12|^^^^LYM#^1|  1.9|10*3/uL||N||||               ||20260219101526\rR|13|^^^^MXD#^1|  0.8|10*3/uL||N||||               ||20260219101526\rR|14|^^^^NEUT#^1|  3.9|10*3/uL||N||||               ||20260219101526\rR|15|^^^^RDW-SD^1| 76.7|fL||H||||               ||20260219101526\rR|16|^^^^RDW-CV^1| 24.8|%||H||||               ||20260219101526\rR|17|^^^^PDW^1|---.-|fL||A||||               ||20260219101526\rR|18|^^^^MPV^1|---.-|fL||A||||               ||20260219101526\rR|19|^^^^P-LCR^1|---.-|%||A||||               ||20260219101526\rR|20|^^^^PCT^1|--.--|%||A||||               ||20260219101526'
]
Accession number not found
[ 'L|1|N' ]
Accession number not found
